VendorNumber,VendorName,Brand,Description,PurchasePrice,ActualPrice,Volume,TotalPurchaseQuantity,TotalPurchaseDollars,TotalSalesQuantity,TotalSalesDollars,TotalSalesPrice,TotalExciseTax,FreightCost,GrossProfit,ProfitMargin,StockTurnover,SalesToPurchaseRatio,UnitPurchasePrice,OrderSize,UnsoldInventoryValue
8112,MOET HENNESSY USA INC,1023,Hennessy VSOP Cognac + 50mL,35.93,45.99,750.0,6840,245761.2,5535.0,275119.65,68065.2,4359.33,145041.78,29358.45000000001,10.671157076566509,0.8092105263157895,1.1194592555700411,35.93,Large,46888.65
10754,PERFECTA WINES,2208,WhistlePig 10 Yr Old Rye,53.95,74.99,750.0,4545,245202.75,5271.0,386317.29,215160.93,4153.44,86161.56,141114.53999999998,36.52814503849931,1.1597359735973598,1.5755014574673407,53.95,Large,-39167.700000000004
1128,BROWN-FORMAN CORP,1771,Jack Daniels Tennessee Fire,0.75,0.99,50.0,270000,202500.0,70917.0,212041.83000000002,69167.67,3682.89,205805.04,9541.830000000016,4.499975311475106,0.26265555555555553,1.0471201481481482,0.75,Large,149312.25
4425,MARTIGNETTI COMPANIES,18950,Schug Pnt Nr Carneros,12.32,17.99,750.0,14004,172529.28,9708.0,174646.91999999998,73183.31999999999,1083.57,434787.72000000003,2117.639999999985,1.2125263932510149,0.6932305055698372,1.0122740905195917,12.32,Large,52926.72
9165,ULTRA BEVERAGE COMPANY LLP,28457,Clos Pegase Merlot Napa,11.76,17.99,750.0,12897,151668.72,8820.0,158671.8,71564.21999999999,982.74,204164.1,7003.079999999987,4.4135630906058845,0.6838799720865317,1.046173528727611,11.76,Large,47945.52
1485,CASTLE BRANDS CORP.,4639,Jeffersons  Ocean Bourbon,58.82,79.99,750.0,2340,137638.8,2421.0,193655.78999999998,110866.14,1908.39,25492.77,56016.98999999999,28.926059995417642,1.0346153846153847,1.4069854575889937,58.81999999999999,Large,-4764.42
4425,MARTIGNETTI COMPANIES,7872,Piper Heidsieck Brut,25.5,37.99,750.0,5337,136093.5,3219.0,145248.81,97307.43000000001,356.46,434787.72000000003,9155.309999999998,6.303191055403482,0.6031478358628443,1.0672722062405626,25.5,Large,54009.0
9552,M S WALKER INC,21596,Siduri Pnt Nr Sonoma Cst,14.56,21.99,750.0,8091,117804.96,5955.0,131790.44999999998,45951.39,664.92,166655.46,13985.489999999976,10.611914596239695,0.7360029662588061,1.118717327351921,14.56,Large,31100.16
7245,PROXIMO SPIRITS INC.,2902,Stranahan's Colorado Whiskey,37.0,49.99,750.0,3096,114552.0,2361.0,116595.39,100650.63,1862.8500000000001,116984.34,2043.3899999999994,1.7525478494475635,0.7625968992248062,1.0178380997276346,37.0,Large,27195.0
480,BACARDI USA INC,4881,Bacardi Twin Pack 2/750mls,14.81,19.99,750.0,7614,112763.34,10230.0,201761.69999999998,75573.87,8059.89,267858.81,88998.35999999999,44.11063150241101,1.343577620173365,1.7892490591357084,14.809999999999999,Large,-38742.96
1590,DIAGEO CHATEAU ESTATE WINES,11067,Sterling Chard,8.24,15.99,750.0,13662,112574.87999999999,7521.0,120825.99,68885.67,835.35,21779.25,8251.110000000015,6.828919837528345,0.5505050505050505,1.0732944152372184,8.239999999999998,Large,50601.840000000004
4425,MARTIGNETTI COMPANIES,21254,Renwood Timberline Znfdl,14.28,21.99,750.0,7317,104486.76000000001,6276.0,138009.24,69136.56,698.58,434787.72000000003,33522.47999999998,24.290025798272623,0.8577285772857729,1.3208299309883853,14.280000000000001,Large,14865.48
9552,M S WALKER INC,45604,Latour 12 Cuvee Bourg Rouge,13.07,19.99,750.0,7470,97632.90000000001,5397.0,107886.03,52053.96,600.84,166655.46,10253.12999999999,9.503667898429473,0.7224899598393574,1.105017161223317,13.07,Large,27094.11
8112,MOET HENNESSY USA INC,1112,Ardbeg Exploration Pk +50mls,34.91,46.99,750.0,2601,90800.91,2721.0,125420.79000000001,73271.07,2144.88,145041.78,34619.880000000005,27.602983524501802,1.0461361014994233,1.381272390331771,34.910000000000004,Large,-4189.2
653,STATE WINE & SPIRITS,19276,Pali Tower 15 The Winery,9.08,13.99,750.0,9972,90545.76,8175.0,114368.25,58170.42,910.0500000000001,24044.94,23822.490000000005,20.829635847361487,0.8197954271961492,1.263098901594067,9.08,Large,16316.76
9165,ULTRA BEVERAGE COMPANY LLP,22447,Pizzolato Pnt Grigio,4.72,12.99,750.0,18864,89038.08,12933.0,90401.67,33719.76,1445.28,204164.1,1363.5899999999965,1.508368152933454,0.6855916030534351,1.0153146833354896,4.72,Large,27994.32
480,BACARDI USA INC,4903,Bacardi Superior Rum,2.87,3.99,200.0,29700,85239.0,29892.0,119269.08,38687.04,6277.32,267858.81,34030.08,28.532189566650466,1.0064646464646465,1.399231337767923,2.87,Large,-551.04
3960,DIAGEO NORTH AMERICA INC,2654,Tanqueray Bloomsbury,22.47,28.99,1000.0,3753,84329.91,4773.0,138369.27,97232.45999999999,5011.650000000001,771096.21,54039.359999999986,39.05445190250696,1.2717825739408473,1.6408089371849204,22.470000000000002,Large,-22919.399999999998
2555,DISARONNO INTERNATIONAL LLC,1212,DiSaronna Amaretto Sour VAP,14.38,21.99,750.0,5067,72863.46,7833.0,170825.66999999998,87319.95,6170.25,17583.09,97962.20999999998,57.346305154254615,1.5458851391355832,2.344462780109536,14.38,Large,-39775.08
4425,MARTIGNETTI COMPANIES,14061,Shafer One Pnt Five Cab Svgn,51.61,79.99,750.0,1395,71995.95,1110.0,90303.9,36370.56,123.87,434787.72000000003,18307.949999999997,20.273709108908918,0.7956989247311828,1.2542913872238646,51.61,Large,14708.85
12546,JIM BEAM BRANDS COMPANY,1340,Jim Beam Jacob's Ghost,14.05,21.99,750.0,4878,68535.9,4116.0,74106.84,35086.53,3243.81,371642.91,5570.940000000002,7.517443733938734,0.8437884378843789,1.081284990785851,14.049999999999999,Large,10706.1
3089,SIDNEY FRANK IMPORTING CO,3410,American Harvest Organic,12.31,19.99,750.0,5436,66917.16,6198.0,105304.01999999999,60450.41999999999,4883.31,25648.65,38386.859999999986,36.453366167787316,1.140176600441501,1.5736474769700326,12.31,Large,-9380.220000000001
12546,JIM BEAM BRANDS COMPANY,1005,Maker's Mark Combo Pack,27.34,34.99,375.0,2223,60776.82,2754.0,96362.46,58048.41,1079.91,371642.91,35585.64000000001,36.928945151462514,1.2388663967611335,1.5855133585468935,27.34,Large,-14517.539999999999
9165,ULTRA BEVERAGE COMPANY LLP,3565,Ultimat Vodka,25.98,38.99,750.0,1836,47699.28,1599.0,52793.01,23497.890000000003,1260.0,204164.1,5093.730000000003,9.648493238025267,0.8709150326797386,1.1067884043532734,25.98,Large,6157.26
10754,PERFECTA WINES,10264,Fort Ross Pnt Nr Sonoma Cst,19.6,29.99,750.0,2403,47098.8,3732.0,111922.68,50383.2,415.71000000000004,86161.56,64823.87999999999,57.91844870047787,1.5530586766541823,2.3763382506560675,19.6,Large,-26048.4
8892,TRINCHERO FAMILY ESTATES,22919,Complicated Pnt Nr,12.92,22.99,750.0,3600,46512.0,2550.0,48424.5,35435.34,282.12,34787.91,1912.5,3.949447077409163,0.7083333333333334,1.0411184210526316,12.92,Large,13566.0
12546,JIM BEAM BRANDS COMPANY,8152,Skinnygirl Mojito RTD,7.24,9.99,750.0,6363,46068.119999999995,4533.0,47339.67,37668.03,3574.1400000000003,371642.91,1271.550000000003,2.6860136540875823,0.7123998114097124,1.0276015170577832,7.239999999999999,Large,13249.2
1392,CONSTELLATION BRANDS INC,18817,The Dreaming Tree Everyday,8.6,12.99,750.0,5085,43731.0,3585.0,47775.15,30703.08,397.53000000000003,238586.97,4044.1500000000015,8.464965573106523,0.7050147492625368,1.0924778761061946,8.6,Large,12900.0
1485,CASTLE BRANDS CORP.,2086,Jefferson's Rsv Groth Resrve,58.82,79.99,750.0,738,43409.16,597.0,47754.03,35515.56,470.85,25492.77,4344.869999999995,9.098436299512304,0.8089430894308943,1.1000910867660187,58.82000000000001,Large,8293.62
1703,ALISA CARR BEVERAGES,90087,Ch Mouton Rothschild 12 Paui,311.25,469.99,750.0,135,42018.75,108.0,50758.92,21149.55,12.120000000000001,516.0,8740.169999999998,17.218983382625158,0.8,1.2080064257028111,311.25,Medium,8403.75
9819,TREASURY WINE ESTATES,23231,Stags Leap The Investor Red,37.16,54.99,750.0,1098,40801.68,756.0,42652.44,18686.64,84.12,44509.71,1850.760000000002,4.339165590526596,0.6885245901639344,1.0453598969454199,37.160000000000004,Large,12708.72
90047,CRUSH WINES,23218,Tangent Chard,6.7,9.99,750.0,5967,39978.9,6435.0,64285.65,29430.54,717.3000000000001,4373.19,24306.75,37.81053781053781,1.0784313725490196,1.6079894644424935,6.7,Large,-3135.6
4425,MARTIGNETTI COMPANIES,24291,Dom Fond Croze La Croix Coq,11.99,17.99,750.0,3240,38847.6,2343.0,42150.57,20076.839999999997,260.88,434787.72000000003,3302.970000000001,7.836121789100364,0.7231481481481481,1.085023785253143,11.99,Large,10755.03
1601,VRANKEN AMERICA,25264,Pommery Falltime Extra Dry C,20.54,32.99,750.0,1872,38450.88,1473.0,47856.270000000004,15637.17,164.58,3146.91,9405.390000000007,19.65341218611481,0.7868589743589743,1.2446079257483835,20.54,Large,8195.46
9552,M S WALKER INC,26943,Jordan Cab Svgn Alex Valley,33.11,49.99,750.0,1143,37844.73,906.0,45290.94,20095.98,100.86,166655.46,7446.209999999999,16.440837836441457,0.7926509186351706,1.1967568535962603,33.11,Large,7847.07
9165,ULTRA BEVERAGE COMPANY LLP,2762,The Steward's Solera Bourbon,40.73,54.99,750.0,927,37756.71,1140.0,44784.6,26069.4,898.5600000000001,204164.1,7027.889999999999,15.692648812314946,1.2297734627831716,1.1861361861242676,40.73,Large,-8675.49
9165,ULTRA BEVERAGE COMPANY LLP,23820,Le Mistral Red,16.12,38.99,750.0,2331,37575.72,1950.0,48730.5,17692.92,217.74,204164.1,11154.779999999999,22.890756302521005,0.8365508365508365,1.2968613775065387,16.12,Large,6141.72
4425,MARTIGNETTI COMPANIES,24755,Sokol Blosser Evolution Pnt,7.79,21.99,750.0,4806,37438.74,3699.0,49922.01,13913.039999999999,414.24,434787.72000000003,12483.270000000004,25.005543646980566,0.7696629213483146,1.3334318943425982,7.789999999999999,Large,8623.53
653,STATE WINE & SPIRITS,23256,Robert Hall Cab Svgn,9.39,13.99,750.0,3978,37353.42,5517.0,77182.83,29253.09,616.0500000000001,24044.94,39829.41,51.60397720581119,1.3868778280542986,2.0662854967496953,9.389999999999999,Large,-14451.210000000001
1128,BROWN-FORMAN CORP,1722,Jack Daniels Sinatra Century,351.55,449.99,1000.0,99,34803.450000000004,144.0,64798.56,58048.71,151.20000000000002,205805.04,29995.109999999993,46.28977866174803,1.4545454545454546,1.861843006943277,351.55000000000007,Medium,-15819.75
9165,ULTRA BEVERAGE COMPANY LLP,2098,Snake River Stampede Whisky,16.29,29.99,750.0,2097,34160.13,1614.0,35092.86,18729.329999999998,1272.18,204164.1,932.7300000000032,2.6578910923760652,0.7696709585121603,1.027304638477664,16.29,Large,7868.07
8352,LUXCO INC,3793,Pearl Vodka PET,11.8,17.99,1750.0,2817,33240.6,2502.0,34390.98,22076.16,4598.88,30784.8,1150.3800000000047,3.3450049984036645,0.8881789137380192,1.034607678561759,11.799999999999999,Large,3717.0
9165,ULTRA BEVERAGE COMPANY LLP,1505,Cleveland Christmas Bourbon,20.43,27.99,750.0,1620,33096.6,1269.0,33575.31,14574.39,999.9,204164.1,478.7099999999991,1.4257798364333767,0.7833333333333333,1.0144640234948605,20.43,Large,7170.93
9165,ULTRA BEVERAGE COMPANY LLP,22601,Jos Phelps Insignia 11,121.61,179.99,750.0,270,32834.7,189.0,34018.11,18358.98,21.060000000000002,204164.1,1183.4100000000035,3.478764693276621,0.7,1.0360414439602008,121.60999999999999,Medium,9850.41
3960,DIAGEO NORTH AMERICA INC,3757,Ketel One 325 Commemorative,21.63,28.99,1000.0,1494,32315.22,1614.0,46789.86,26177.969999999998,1694.7,771096.21,14474.64,30.935420623186303,1.0803212851405624,1.4479202060205687,21.63,Large,-2595.6
3960,DIAGEO NORTH AMERICA INC,3395,Jeremiah Weed Sweet Tea Vdka,10.15,14.99,750.0,3087,31333.05,3138.0,36082.62,20052.78,2472.27,771096.21,4749.570000000003,13.16304082131509,1.0165208940719144,1.1515833919774807,10.15,Large,-517.65
2000,SOUTHERN WINE & SPIRITS NE,24323,Ch Pichon Long Comtesse L 12,88.43,129.99,750.0,351,31038.930000000004,291.0,37827.090000000004,10919.16,32.58,57049.77,6788.16,17.94523448671309,0.8290598290598291,1.2186982605392647,88.43,Large,5305.8
3664,WILLIAM GRANT & SONS INC,1050,Hudson Maple Cask Rye,32.84,44.99,375.0,936,30738.239999999998,813.0,36576.87,30503.22,318.09000000000003,90703.26,5838.630000000005,15.962628841669623,0.8685897435897436,1.1899467894062903,32.839999999999996,Large,4039.3200000000006
4425,MARTIGNETTI COMPANIES,46485,Shafer Merlot Napa,35.94,54.99,750.0,855,30728.699999999997,1014.0,56773.86,32250.24,112.41,434787.72000000003,26045.160000000003,45.87526724446779,1.1859649122807017,1.8475841802614497,35.94,Large,-5714.46
17035,PERNOD RICARD USA,1013,Kahlua Pumpkin Spice Liqueur,10.29,13.99,750.0,2979,30653.91,2598.0,41506.02,17341.77,2046.78,371340.66,10852.109999999997,26.14586992441096,0.8721047331319235,1.354020416971277,10.29,Large,3920.49
8352,LUXCO INC,3889,Wolfschmidt Vodka Plastic,3.7,6.49,750.0,8145,30136.5,6591.0,33468.99,19502.94,5192.58,30784.8,3332.489999999998,9.956948207878392,0.8092081031307551,1.1105798616295852,3.7,Large,5749.8
480,BACARDI USA INC,2679,Dewars Highlander Honey,14.28,22.99,750.0,2034,29045.52,7044.0,140029.56,92093.04,5552.82,267858.81,110984.04,79.25757961390437,3.4631268436578173,4.821038149773184,14.28,Large,-71542.8
9165,ULTRA BEVERAGE COMPANY LLP,24119,Cecchi La Mora Vermentino,8.55,15.99,750.0,3375,28856.25,2340.0,31047.6,16574.46,260.1,204164.1,2191.3499999999985,7.0580334711861745,0.6933333333333334,1.075940220922677,8.55,Large,8849.25
653,STATE WINE & SPIRITS,21685,Cameron Hughes Cam Col Cab S,9.39,13.99,750.0,3024,28395.36,2028.0,28809.72,16806.12,225.24,24044.94,414.3600000000006,1.4382645857023275,0.6706349206349206,1.0145925249759116,9.39,Large,9352.44
3664,WILLIAM GRANT & SONS INC,2985,Gibsons 12YO Gold Canadian W,15.1,25.99,750.0,1872,28267.2,1659.0,35062.409999999996,20642.28,1307.64,90703.26,6795.2099999999955,19.38032782116231,0.8862179487179487,1.2403920444897265,15.1,Large,3216.2999999999997
9165,ULTRA BEVERAGE COMPANY LLP,24429,Baracchi O'Lillo,8.1,11.99,750.0,3375,27337.5,4653.0,55789.47,25790.49,518.49,204164.1,28451.97,50.99881751878984,1.3786666666666667,2.0407670781893006,8.1,Large,-10351.8
90032,LABELLE VYDS AND WINERY,22566,LaBelle Winery 2013 Dry Rsl,9.14,13.99,750.0,2979,27228.06,2568.0,35926.32,27280.5,283.5,2334.75,8698.259999999998,24.21138596995183,0.8620342396777442,1.3194594106227178,9.14,Large,3756.5400000000004
4425,MARTIGNETTI COMPANIES,21277,Nicholson Ranch Chard Son Ct,13.79,19.99,750.0,1917,26435.43,4491.0,88308.09,43232.03999999999,499.98,434787.72000000003,61872.659999999996,70.06454335044502,2.3427230046948355,3.340520279034614,13.790000000000001,Large,-35495.46
9165,ULTRA BEVERAGE COMPANY LLP,2874,Hirsch 20 Yr American Whisky,51.46,69.99,750.0,513,26398.98,1716.0,86982.84,22975.62,1351.71,204164.1,60583.86,69.65035862245934,3.345029239766082,3.294931849639645,51.46,Large,-61906.380000000005
1703,ALISA CARR BEVERAGES,90013,Ch Leoville Barton 12 St Jul,64.93,99.99,750.0,405,26296.649999999998,327.0,32696.73,10798.92,36.6,516.0,6400.080000000002,19.574067498492976,0.8074074074074075,1.243380050310591,64.92999999999999,Large,5064.540000000001
17033,SEA BREEZE CELLARS LLC,685,Caravan Cab Svgn,32.46,49.99,750.0,810,26292.6,621.0,31043.79,19946.010000000002,68.76,1648.6499999999999,4751.190000000002,15.304800090452881,0.7666666666666667,1.1807044567673035,32.46,Large,6134.9400000000005
653,STATE WINE & SPIRITS,2087,Uncle Val's Peppered Gin,25.18,36.99,750.0,1035,26061.3,1065.0,29437.35,19801.92,839.61,24044.94,3376.0499999999993,11.468593470539975,1.0289855072463767,1.1295426552013905,25.18,Large,-755.4
4425,MARTIGNETTI COMPANIES,23074,Madrigal Cab Svgn,13.69,19.99,750.0,1890,25874.1,2169.0,43356.81,13851.57,242.61,434787.72000000003,17482.71,40.32286969451857,1.1476190476190475,1.675683791900008,13.69,Large,-3819.5099999999998
4425,MARTIGNETTI COMPANIES,26104,Spottswoode Cab Svgn Napa,105.51,152.99,750.0,243,25638.929999999997,186.0,29968.140000000003,15479.04,20.85,434787.72000000003,4329.210000000006,14.446041696281469,0.7654320987654321,1.168852990354902,105.50999999999999,Medium,6014.070000000001
17035,PERNOD RICARD USA,3811,Absolut Spark Vodka,12.68,16.99,750.0,1980,25106.4,4194.0,74400.06,41421.75,3304.71,371340.66,49293.659999999996,66.25486592349522,2.118181818181818,2.9633902112608737,12.680000000000001,Large,-28073.52
12546,JIM BEAM BRANDS COMPANY,3903,Skinnygirl Wh Cherry Vodka,11.59,19.99,750.0,2151,24930.09,1767.0,25603.829999999998,11302.2,1392.09,371642.91,673.739999999998,2.6314031924130026,0.8214783821478382,1.0270251731943205,11.59,Large,4450.5599999999995
653,STATE WINE & SPIRITS,9118,Caffo Sambuca Secolare,10.35,16.99,750.0,2394,24777.9,2322.0,34238.28,20432.73,1829.76,24044.94,9460.379999999997,27.631002491947605,0.9699248120300752,1.3818071749421863,10.350000000000001,Large,745.1999999999999
1703,ALISA CARR BEVERAGES,90090,Ch Lafite Rothschild 12,448.27,649.99,750.0,54,24206.579999999998,45.0,29249.55,13649.79,5.04,516.0,5042.970000000001,17.24118832597425,0.8333333333333334,1.2083305448353299,448.27,Small,4034.43
17035,PERNOD RICARD USA,5077,Malibu Red,12.69,16.99,750.0,1881,23869.89,1851.0,26912.489999999998,15316.65,1458.63,371340.66,3042.5999999999985,11.305531372236455,0.9840510366826156,1.127466025189056,12.69,Large,380.7
1128,BROWN-FORMAN CORP,2131,Jack Daniels No 7 Black Trav,10.15,12.99,375.0,2349,23842.350000000002,12267.0,159348.33000000002,95086.8,4814.46,205805.04,135505.98,85.03759029040341,5.222222222222222,6.683415435139573,10.15,Large,-100667.7
9552,M S WALKER INC,32592,Mionetto Frizzante Prosecco,11.56,16.99,750.0,2061,23825.16,2013.0,38088.869999999995,25552.499999999996,222.78,166655.46,14263.709999999995,37.44849873466973,0.9767103347889374,1.5986826531280376,11.56,Large,554.88
4425,MARTIGNETTI COMPANIES,18097,Shafer Relentless Syrah,55.17,79.99,750.0,423,23336.91,531.0,45660.689999999995,19605.719999999998,59.160000000000004,434787.72000000003,22323.779999999995,48.89058838138451,1.2553191489361701,1.9565867974809001,55.17,Large,-5958.360000000001
388,ATLANTIC IMPORTING COMPANY,2119,Glendalough 13 Yr Sngle Malt,66.4,89.99,750.0,351,23306.399999999998,345.0,29516.55,20772.57,272.1,635.22,6210.1500000000015,21.03955238671187,0.9829059829059829,1.2664568530532387,66.39999999999999,Large,398.40000000000003
3960,DIAGEO NORTH AMERICA INC,3517,Smirnoff Sorbet Mango/Pasion,6.83,10.99,750.0,3411,23297.13,4401.0,41954.49,20026.53,3467.43,771096.21,18657.359999999997,44.470472647861996,1.2902374670184698,1.8008437090748945,6.83,Large,-6761.7
8673,STE MICHELLE WINE ESTATES,33966,Prunotto Barbaresco,33.33,56.99,750.0,693,23097.69,483.0,24700.170000000002,18104.46,53.43,47759.1,1602.4800000000032,6.487728626968976,0.696969696969697,1.0693783664080696,33.33,Large,6999.299999999999
4425,MARTIGNETTI COMPANIES,4353,AnestasiA Vodka,26.8,36.99,750.0,846,22672.8,783.0,23971.17,16773.57,617.28,434787.72000000003,1298.369999999999,5.41638142819061,0.925531914893617,1.0572655340319679,26.8,Large,1688.4
7153,PINE STATE TRADING CO,4760,Kinky Flame Whisky,13.17,17.99,750.0,1719,22639.23,1731.0,30816.69,18166.829999999998,1364.8500000000001,47654.46,8177.459999999999,26.535815494785453,1.006980802792321,1.361207514566529,13.17,Large,-158.04
9206,PHILLIPS PRODUCTS CO.,970,Prairie Organic Kosher Vodka,12.11,17.99,750.0,1854,22451.94,1449.0,22500.51,13566.33,1141.98,6635.49,48.56999999999971,0.2158617737997926,0.7815533980582524,1.002163287448657,12.11,Large,4904.55
1703,ALISA CARR BEVERAGES,90089,Ch Lynch Bages 12 Pauillac,77.92,119.99,750.0,288,22440.96,477.0,57235.23,17278.559999999998,53.4,516.0,34794.270000000004,60.791701195225386,1.65625,2.550480460728953,77.92,Medium,-14726.880000000001
9744,FREDERICK WILDMAN & SONS,18891,Churchill's Vintage Port 11,44.51,80.99,750.0,504,22433.04,318.0,22478.82,15198.869999999999,35.25,11999.79,45.779999999998836,0.20365837708562476,0.6309523809523809,1.0020407399086346,44.510000000000005,Large,8278.859999999999
9165,ULTRA BEVERAGE COMPANY LLP,15575,Monte Faliesi Falanghina,5.88,8.99,750.0,3807,22385.16,4815.0,43286.85,23113.29,535.05,204164.1,20901.69,48.28646575114613,1.2647754137115839,1.9337297566780849,5.88,Large,-5927.04
8663,STAR INDUSTRIES INC.,2193,Donegal Irish Whiskey,16.41,24.99,750.0,1332,21858.12,1242.0,23312.579999999998,13453.859999999999,978.72,37.32,1454.4599999999991,6.238949099584856,0.9324324324324325,1.0665409467968883,16.41,Large,1476.9
10754,PERFECTA WINES,15860,Merriam Vyds Rose of Pnt Nr,6.12,19.99,750.0,3528,21591.36,1176.0,23508.239999999998,12353.82,130.74,86161.56,1916.8799999999974,8.15407703851925,0.3333333333333333,1.088779956427015,6.12,Large,14394.24
4425,MARTIGNETTI COMPANIES,2262,Black Button Citrus Gin,21.2,35.99,750.0,1008,21369.6,951.0,27098.489999999998,17813.79,749.76,434787.72000000003,5728.889999999999,21.140993464949524,0.9434523809523809,1.2680859725965858,21.2,Large,1208.3999999999999
480,BACARDI USA INC,3199,Grey Goose La Poire Vodka,34.3,46.99,1750.0,621,21300.3,780.0,36652.200000000004,23260.05,1433.94,267858.81,15351.900000000005,41.8853438538478,1.2560386473429952,1.7207363276573573,34.3,Large,-5453.7
653,STATE WINE & SPIRITS,9136,Caffo Amaretto Liqueur,10.81,16.99,750.0,1953,21111.93,1926.0,28545.24,18094.38,1517.91,24044.94,7433.310000000001,26.040453679842944,0.9861751152073732,1.3520905004895336,10.81,Large,291.87
9552,M S WALKER INC,23357,Saddleback Clrs 09 Cab Svgn,24.51,37.99,750.0,855,20956.05,3210.0,121947.90000000001,58808.520000000004,357.6,166655.46,100991.85,82.81557123984915,3.754385964912281,5.819221656753062,24.509999999999998,Large,-57721.05
11567,CAMPARI AMERICA,3943,Skyy Barcraft White Sangria,9.59,15.99,750.0,2124,20369.16,1956.0,23452.44,14639.79,1542.06,62894.43,3083.279999999999,13.146947609715658,0.9209039548022598,1.1513700123127315,9.59,Large,1611.12
17035,PERNOD RICARD USA,10792,Perrier Jouet Fleur Rose,107.48,169.9,750.0,189,20313.72,141.0,22276.59,11849.25,15.690000000000001,371340.66,1962.869999999999,8.811357573129456,0.746031746031746,1.0966277963858908,107.48,Medium,5159.04
12546,JIM BEAM BRANDS COMPANY,2953,Bowmore Mizurana,746.26,999.99,750.0,27,20149.02,24.0,23999.76,14999.85,18.9,371642.91,3850.739999999998,16.04491044910448,0.8888888888888888,1.191113016910996,746.26,Small,2238.7799999999997
4425,MARTIGNETTI COMPANIES,82,Hundred Acre Ark Vy Cab Svgn,248.34,374.99,750.0,81,20115.54,99.0,37124.01,19124.49,11.100000000000001,434787.72000000003,17008.47,45.81528234692319,1.2222222222222223,1.8455388222240119,248.34,Medium,-4470.12
9165,ULTRA BEVERAGE COMPANY LLP,15549,CastelGiocondo Brunello 07,27.58,39.99,750.0,720,19857.6,1620.0,64783.8,29392.65,180.51,204164.1,44926.200000000004,69.34789252868772,2.25,3.262418419144308,27.58,Large,-24822.0
9165,ULTRA BEVERAGE COMPANY LLP,2636,Nikka Whisky Taketsuru 12 Yr,48.83,68.99,750.0,405,19776.15,834.0,56241.659999999996,36876.54,657.57,204164.1,36465.509999999995,64.8371865268557,2.0592592592592593,2.8439135018696757,48.830000000000005,Large,-20948.07
1392,CONSTELLATION BRANDS INC,2153,Black Velvet Cinnamon Rush,6.61,8.99,750.0,2988,19750.68,4557.0,45524.43,30329.64,3592.23,238586.97,25773.75,56.61520638479164,1.5251004016064258,2.3049550699013905,6.61,Large,-10371.09
4692,KOBRAND CORPORATION,42785,Cakebread Benchland Cab Svgn,68.49,99.99,750.0,288,19725.12,228.0,22797.719999999998,16798.32,25.2,27418.14,3072.5999999999985,13.477663555829261,0.7916666666666666,1.1557709154621112,68.49,Medium,4109.4
3960,DIAGEO NORTH AMERICA INC,3677,Shady Fruit Valencia Orange,8.59,11.99,750.0,2286,19636.74,1959.0,21796.41,12486.84,1543.95,771096.21,2159.6699999999983,9.908374819523024,0.8569553805774278,1.1099810864736204,8.59,Large,2808.93
12546,JIM BEAM BRANDS COMPANY,3236,Pinnacle Pecan Pie,6.78,12.99,750.0,2772,18794.16,2883.0,27370.170000000002,13932.33,2271.99,371642.91,8576.010000000002,31.333418827869906,1.04004329004329,1.4563124928169178,6.78,Large,-752.58
4425,MARTIGNETTI COMPANIES,18098,Shafer Hillside Cab Svgn,157.89,239.99,750.0,117,18473.13,93.0,22784.07,13964.43,10.35,434787.72000000003,4310.939999999999,18.920851278985708,0.7948717948717948,1.2333627273775478,157.89000000000001,Medium,3789.3599999999997
653,STATE WINE & SPIRITS,9115,Caffo Limoncino Dell'l Sola,10.35,16.99,750.0,1782,18443.7,2298.0,33560.52,19663.59,1810.89,24044.94,15116.819999999996,45.043461781879415,1.2895622895622896,1.8196197075424125,10.35,Large,-5340.599999999999
9206,PHILLIPS PRODUCTS CO.,3597,UV Sangria Vodka,6.51,8.99,750.0,2808,18280.08,2505.0,20389.95,11772.630000000001,1973.8500000000001,6635.49,2109.869999999999,10.347597713579479,0.8920940170940171,1.1154190791287564,6.510000000000001,Large,1972.53
6213,MHW LTD,1364,Bols Pumpkin Spice,7.46,9.99,750.0,2448,18262.079999999998,1857.0,18551.43,6263.7300000000005,1462.5,28864.74,289.3500000000022,1.5597180379086797,0.758578431372549,1.0158443068916576,7.459999999999999,Large,4408.86
4425,MARTIGNETTI COMPANIES,20693,Daou Cab Svgn,13.24,32.99,750.0,1368,18112.32,2895.0,57871.049999999996,13313.339999999998,324.54,434787.72000000003,39758.729999999996,68.70227860044011,2.116228070175439,3.1951207796682035,13.24,Large,-20217.48
90037,THE PIERPONT GROUP LLC,3770,Miodula Honey Vodka,14.17,22.99,750.0,1278,18109.26,1149.0,21975.51,13121.159999999998,905.76,83.94,3866.25,17.593448343178387,0.8990610328638498,1.2134957474794663,14.169999999999998,Large,1827.93
4425,MARTIGNETTI COMPANIES,23840,Roth Est Red Heritage Sonoma,11.68,17.99,750.0,1548,18080.64,2004.0,36051.96,16137.029999999999,223.38,434787.72000000003,17971.32,49.848385496932764,1.2945736434108528,1.9939537538494212,11.68,Large,-5326.08
10754,PERFECTA WINES,6525,Du Peyrat Organic Cognac,29.4,39.99,750.0,612,17992.8,531.0,21234.690000000002,15236.19,418.86,86161.56,3241.890000000003,15.266952331303177,0.8676470588235294,1.1801770708283315,29.4,Large,2381.4
4425,MARTIGNETTI COMPANIES,46119,Phillips Lust Znfdl Lodi,36.66,56.99,750.0,486,17816.760000000002,504.0,28578.96,18905.670000000002,55.92,434787.72000000003,10762.199999999997,37.65777341092887,1.037037037037037,1.6040492210704975,36.660000000000004,Large,-659.8799999999999
9165,ULTRA BEVERAGE COMPANY LLP,15971,Revana Cab Svgn Napa Vly,71.89,109.99,750.0,243,17469.27,264.0,29037.36,17488.41,29.310000000000002,204164.1,11568.09,39.838642355916654,1.0864197530864197,1.6621965313948437,71.89,Medium,-1509.69
10754,PERFECTA WINES,25162,D.des Senechaux CdP,32.89,49.99,750.0,531,17464.59,465.0,23245.350000000002,15146.970000000001,51.480000000000004,86161.56,5780.760000000002,24.868457562480245,0.8757062146892656,1.3309988954793672,32.89,Large,2170.7400000000002
3089,SIDNEY FRANK IMPORTING CO,9066,American Harvest Organic,24.42,31.99,1750.0,711,17362.62,1575.0,50384.25,24856.23,2894.31,25648.65,33021.630000000005,65.5395882641897,2.2151898734177213,2.9018805917540096,24.419999999999998,Large,-21098.88
9165,ULTRA BEVERAGE COMPANY LLP,16647,Cesari Lugana Cento Filari,8.49,12.99,750.0,2034,17268.66,2487.0,32306.13,8222.67,278.52,204164.1,15037.470000000001,46.54680087029923,1.2227138643067847,1.870795417826282,8.49,Large,-3845.9700000000003
2000,SOUTHERN WINE & SPIRITS NE,23281,Ch Lafitite Rothschild Pa 11,637.58,949.99,750.0,27,17214.66,27.0,25649.73,5699.9400000000005,3.06,57049.77,8435.07,32.88560932220339,1.0,1.489993412591361,637.58,Small,0.0
4425,MARTIGNETTI COMPANIES,10972,L Einaudi Dolcetto Dogliani,11.76,17.99,750.0,1449,17040.24,966.0,17378.34,7447.86,107.58,434787.72000000003,338.09999999999854,1.9455252918287855,0.6666666666666666,1.0198412698412698,11.760000000000002,Large,5680.08
4692,KOBRAND CORPORATION,20108,Sassacaia,116.43,169.99,750.0,144,16765.920000000002,153.0,26008.47,16319.04,17.01,27418.14,9242.55,35.536692469799256,1.0625,1.5512700764407799,116.43,Medium,-1047.8700000000001
4425,MARTIGNETTI COMPANIES,23105,DeLille Cellars D2,28.18,41.99,750.0,594,16738.920000000002,642.0,26957.58,10455.51,71.52,434787.72000000003,10218.66,37.9064441244355,1.0808080808080809,1.6104730771160862,28.180000000000003,Large,-1352.6399999999999
10754,PERFECTA WINES,20513,Petit Caillou St Julien,18.82,39.99,750.0,882,16599.24,687.0,19916.13,9740.64,76.44,86161.56,3316.8899999999994,16.654289764125856,0.7789115646258503,1.1998217990703188,18.82,Large,3669.9
3252,E & J GALLO WINERY,4150,Shellback Spiced Rum,8.63,11.99,750.0,1908,16466.04,1410.0,18741.9,7455.78,1111.08,185900.73,2275.8600000000006,12.143165847646186,0.7389937106918238,1.1382153814760563,8.63,Large,4297.740000000001
4425,MARTIGNETTI COMPANIES,21287,Foley Johnson Cab Svgn,15.43,22.99,750.0,1062,16386.66,840.0,18681.6,6713.969999999999,93.84,434787.72000000003,2294.9399999999987,12.28449383350462,0.7909604519774012,1.1400492839907583,15.43,Large,3425.46
17035,PERNOD RICARD USA,5169,Kahlua Hazelnut,12.2,18.99,750.0,1341,16360.2,1797.0,27414.03,15206.31,1415.94,371340.66,11053.829999999998,40.321798728607206,1.3400447427293065,1.6756537206146622,12.200000000000001,Large,-5563.2
3960,DIAGEO NORTH AMERICA INC,5925,Pimms Blackberry & Elderflwr,14.05,17.99,750.0,1161,16312.05,1245.0,19358.55,12391.14,981.48,771096.21,3046.5,15.737232385690044,1.0723514211886305,1.1867637727937324,14.049999999999999,Large,-1180.2
2561,EDRINGTON AMERICAS,2096,The Macallan Edition No 1,78.12,99.99,750.0,207,16170.84,675.0,67493.25,40795.92,532.08,28963.5,51322.41,76.04080408040804,3.260869565217391,4.173762772991385,78.12,Medium,-36560.16
4425,MARTIGNETTI COMPANIES,21693,Chalk Hill Pnt Nr RRV,23.17,34.99,750.0,693,16056.810000000001,1107.0,38733.93,22253.640000000003,122.91,434787.72000000003,22677.12,58.545879542819435,1.5974025974025974,2.4123054330218765,23.17,Large,-9592.380000000001
9625,WESTERN SPIRITS BEVERAGE CO,2843,Calumet Farm Bourbon VAP,31.15,45.99,750.0,513,15979.95,477.0,21598.23,13254.060000000001,376.11,5799.57,5618.279999999999,26.01268715075263,0.9298245614035088,1.3515830775440474,31.150000000000002,Large,1121.3999999999999
9552,M S WALKER INC,22854,Vega Sindoa Cab Svgn Navarra,8.27,11.99,750.0,1926,15928.019999999999,1584.0,19571.16,8444.07,176.52,166655.46,3643.1400000000012,18.61483938611713,0.822429906542056,1.2287252276177454,8.27,Large,2828.3399999999997
4425,MARTIGNETTI COMPANIES,23107,Duckhorn Howell Mtn Cab Svgn,109.67,169.99,1500.0,144,15792.48,129.0,21928.710000000003,15299.1,28.77,434787.72000000003,6136.230000000003,27.982630989237407,0.8958333333333334,1.388553919333759,109.67,Medium,1645.05
12546,JIM BEAM BRANDS COMPANY,1392,Red Stag Hardcore Cider,10.6,16.99,750.0,1485,15741.0,1290.0,20597.1,11176.98,1016.79,371642.91,4856.0999999999985,23.576620009613,0.8686868686868687,1.308500095292548,10.6,Large,2067.0
9206,PHILLIPS PRODUCTS CO.,3648,UV Ruby Red Grapefruit Vodka,6.05,8.99,750.0,2565,15518.25,2304.0,18666.96,10514.1,1815.57,6635.49,3148.709999999999,16.86782421990511,0.8982456140350877,1.2029036779276012,6.05,Large,1579.05
3960,DIAGEO NORTH AMERICA INC,7211,Cocktail Time Strawberry Rtd,8.45,11.99,750.0,1827,15438.15,1749.0,19362.510000000002,13020.27,1378.98,771096.21,3924.3600000000024,20.26782684682927,0.9573070607553367,1.2541988515463318,8.45,Large,659.0999999999999
9165,ULTRA BEVERAGE COMPANY LLP,2850,Kavalan Soloist Tawain Whsky,285.71,379.99,750.0,54,15428.34,45.0,17099.55,11399.7,35.49,204164.1,1671.2099999999991,9.773415089870781,0.8333333333333334,1.1083207914785387,285.71,Small,2571.39
1703,ALISA CARR BEVERAGES,90014,Ch Giscours Margaux 12,40.78,61.99,750.0,378,15414.84,495.0,30685.05,15807.45,55.11,516.0,15270.21,49.76433149041634,1.3095238095238095,1.990617482893108,40.78,Large,-4771.26
9165,ULTRA BEVERAGE COMPANY LLP,19077,Ornellaia Bolgheri 10,131.57,199.99,750.0,117,15393.689999999999,84.0,16799.16,5399.7300000000005,9.42,204164.1,1405.4700000000012,8.366311172701499,0.717948717948718,1.0913016956947945,131.57,Medium,4341.8099999999995
4425,MARTIGNETTI COMPANIES,44186,H Brunier Telegramme Pape,31.03,49.99,750.0,495,15359.85,471.0,21190.29,12687.18,52.230000000000004,434787.72000000003,5830.4400000000005,27.514677713235642,0.9515151515151515,1.3795896444301214,31.03,Large,744.72
2561,EDRINGTON AMERICAS,2112,Cutty Sark Prohibition,15.55,26.99,750.0,981,15254.55,1182.0,25206.18,17784.69,932.13,28963.5,9951.630000000001,39.480913014189376,1.2048929663608563,1.652371259722509,15.549999999999999,Large,-3125.55
3960,DIAGEO NORTH AMERICA INC,7202,Cocktail Time Key Lime Rtd,8.33,11.99,750.0,1827,15218.91,1782.0,19686.18,11797.35,1404.63,771096.21,4467.27,22.69241671060612,0.9753694581280788,1.2935341624334462,8.33,Large,374.85
4425,MARTIGNETTI COMPANIES,23130,Alexanders Crown Cab Svgn,46.66,72.99,750.0,324,15117.839999999998,222.0,16167.779999999999,9598.679999999998,24.630000000000003,434787.72000000003,1049.9400000000005,6.494027009274005,0.6851851851851852,1.0694503976758585,46.66,Large,4759.32
4425,MARTIGNETTI COMPANIES,5065,Berentzen Apple Liqueur,11.42,17.99,750.0,1323,15108.66,1377.0,27232.23,17900.91,1085.28,434787.72000000003,12123.57,44.519196554964466,1.0408163265306123,1.8024252316221292,11.42,Large,-616.68
1392,CONSTELLATION BRANDS INC,2689,Black Velvet Reserve,14.72,18.99,1750.0,1026,15102.72,2262.0,42955.38,32871.689999999995,4158.9,238586.97,27852.659999999996,64.84091166228771,2.2046783625730995,2.8442148169336385,14.719999999999999,Large,-18193.920000000002
17035,PERNOD RICARD USA,8943,Malibu Rum Sparkler RTD,7.74,13.99,750.0,1944,15046.56,2133.0,21353.670000000002,11703.33,1680.51,371340.66,6307.110000000002,29.536421608088926,1.0972222222222223,1.4191728873576421,7.739999999999999,Large,-1462.8600000000001
10754,PERFECTA WINES,25190,Sixto Chardonnay,23.52,35.99,750.0,639,15029.28,498.0,17923.02,9177.45,55.440000000000005,86161.56,2893.74,16.14538174928109,0.7793427230046949,1.192540161604548,23.52,Large,3316.32
9744,FREDERICK WILDMAN & SONS,25423,Pol Roger 02 Sir W Churchill,151.36,220.99,750.0,99,14984.64,141.0,31159.59,13922.37,15.840000000000002,11999.79,16174.95,51.910021922624786,1.4242424242424243,2.079435341789993,151.35999999999999,Medium,-6357.120000000001
3960,DIAGEO NORTH AMERICA INC,86,Don Julio Real Tequila,236.21,299.99,750.0,63,14881.23,54.0,16199.460000000001,12599.58,42.54,771096.21,1318.2300000000014,8.137493472004632,0.8571428571428571,1.0885834033880264,236.20999999999998,Small,2125.89
1485,CASTLE BRANDS CORP.,1788,Knappogue Castle Irish 12 Yr,29.19,39.99,750.0,504,14711.76,501.0,20034.99,11637.09,395.07,25492.77,5323.230000000001,26.569666368687983,0.9940476190476191,1.3618350217784956,29.19,Large,87.57000000000001
10754,PERFECTA WINES,23745,Ch Angelus 12 St Emilion,271.42,398.99,750.0,54,14656.68,42.0,16757.58,5984.85,4.74,86161.56,2100.9000000000015,12.537013100937017,0.7777777777777778,1.143340783861011,271.42,Small,3257.04
6213,MHW LTD,5629,RumChata Liqueur,7.02,8.99,300.0,2061,14468.22,6648.0,59765.520000000004,42828.36,2112.15,28864.74,45297.3,75.7916939399172,3.2256186317321687,4.130813603884929,7.02,Large,-32200.739999999998
4425,MARTIGNETTI COMPANIES,24863,Double Canyon Heaven H Cab S,16.54,23.99,750.0,873,14439.42,684.0,16409.16,7916.7,76.14,434787.72000000003,1969.7399999999998,12.003905135911893,0.7835051546391752,1.1364140664929754,16.54,Large,3126.06
3252,E & J GALLO WINERY,5373,E&J Peach Brandy,7.47,10.99,750.0,1917,14319.99,2028.0,19406.22,12452.01,1598.25,185900.73,5086.230000000001,26.209277231732926,1.057902973395931,1.355183907251332,7.47,Large,-829.17
10754,PERFECTA WINES,25415,Schlosskellerei Gobelsburg,9.08,15.99,750.0,1575,14301.0,963.0,15374.37,10529.4,106.59,86161.56,1073.3700000000008,6.981554366130129,0.6114285714285714,1.0750555905181456,9.08,Large,5556.96
9165,ULTRA BEVERAGE COMPANY LLP,25285,A Bichot St-Amour Champlette,12.49,18.99,750.0,1143,14276.07,1083.0,20413.17,12965.13,120.06,204164.1,6137.0999999999985,30.064414297240454,0.94750656167979,1.4298872168601022,12.49,Large,749.4
8352,LUXCO INC,1021,St Brendans Peppermint Bark,10.76,13.99,750.0,1314,14138.64,1902.0,21118.98,12145.050000000001,1498.5,30784.8,6980.34,33.05244855575412,1.447488584474886,1.4937066082734973,10.76,Large,-6326.88
4425,MARTIGNETTI COMPANIES,22509,Alderbrook Pnt Nr RRV,12.07,17.99,750.0,1170,14121.9,3573.0,64278.27,38102.82,396.48,434787.72000000003,50156.369999999995,78.03005588047095,3.0538461538461537,4.551672933528774,12.07,Large,-29004.21
10754,PERFECTA WINES,23769,Ch Pape Clement 12 Pess-Leog,73.68,111.99,750.0,189,13925.52,150.0,16798.5,11422.98,16.62,86161.56,2872.9799999999996,17.102598446289843,0.7936507936507936,1.206310428623132,73.68,Medium,2873.5200000000004
660,SAZERAC NORTH AMERICA INC.,8322,Chi Chi's Ruby Red Margarita,6.24,10.99,1750.0,2223,13871.519999999999,1746.0,14340.54,10124.7,3209.82,53796.99,469.02000000000226,3.270588136848419,0.7854251012145749,1.0338117235890516,6.239999999999999,Large,2976.48
2561,EDRINGTON AMERICAS,4575,Brugal XV Rum,19.37,24.99,750.0,711,13772.07,1197.0,29913.03,19042.379999999997,943.47,28963.5,16140.96,53.9596289643677,1.6835443037974684,2.1720068225038065,19.37,Large,-9413.82
4425,MARTIGNETTI COMPANIES,4627,Wiggly Bridge Gold Rum,36.43,46.99,750.0,378,13770.54,378.0,18896.22,11097.78,297.93,434787.72000000003,5125.68,27.125425085017003,1.0,1.3722206972275597,36.43,Large,0.0
4425,MARTIGNETTI COMPANIES,21731,Ch Moulin de la Rose St-Juln,45.94,67.99,750.0,297,13644.179999999998,264.0,17949.36,7546.889999999999,29.46,434787.72000000003,4305.180000000002,23.985144874246224,0.8888888888888888,1.3155323368645095,45.94,Large,1516.02
7245,PROXIMO SPIRITS INC.,2859,Bushmills Irish Honey,12.94,17.99,750.0,1053,13625.82,2352.0,50442.479999999996,32876.61,1853.94,116984.34,36816.659999999996,72.98741061105639,2.2336182336182335,3.7019775690563943,12.94,Large,-16809.059999999998
9165,ULTRA BEVERAGE COMPANY LLP,19552,Tenuta Alzatura Sagrantino,12.9,37.99,750.0,1053,13583.7,972.0,19430.28,5937.03,108.72,204164.1,5846.579999999998,30.090045022511248,0.9230769230769231,1.4304114490161,12.9,Large,1044.9
4425,MARTIGNETTI COMPANIES,21196,Paul Hobbs Crossbarn Chard,17.33,25.99,750.0,783,13569.39,633.0,16583.67,8408.789999999999,70.29,434787.72000000003,3014.279999999999,18.176193809934706,0.8084291187739464,1.2221382096026423,17.33,Large,2599.4999999999995
7153,PINE STATE TRADING CO,4219,Commander Quincy's Rum Toddy,10.68,13.99,750.0,1269,13552.92,1485.0,20775.15,11541.75,1170.39,47654.46,7222.230000000001,34.76379231918904,1.1702127659574468,1.5328910670172924,10.68,Large,-2306.88
6213,MHW LTD,4511,Camus Extra Elegance,249.99,339.99,750.0,54,13499.460000000001,78.0,26519.22,22439.34,61.56,28864.74,13019.76,49.095561634165705,1.4444444444444444,1.9644652452764777,249.99,Small,-5999.76
10754,PERFECTA WINES,20516,Ch Le Gay Pomerol,67.56,99.99,750.0,198,13376.880000000001,192.0,19198.079999999998,7199.28,21.45,86161.56,5821.199999999997,30.32178217821781,0.9696969696969697,1.4351687388987564,67.56,Medium,405.36
4425,MARTIGNETTI COMPANIES,2747,Speymalt Macallan 1993 20 Yr,123.07,159.99,750.0,108,13291.56,243.0,38877.57,22078.620000000003,191.58,434787.72000000003,25586.010000000002,65.8117521233966,2.25,2.924981717721622,123.07,Medium,-16614.45
9744,FREDERICK WILDMAN & SONS,26876,Pol Roger Brut Vintage,54.05,79.99,750.0,243,13134.15,456.0,36475.44,3599.5499999999997,51.24,11999.79,23341.29,63.99179831689488,1.876543209876543,2.777145076004157,54.05,Medium,-11512.65
9552,M S WALKER INC,23353,Parducci True Grit 11 Cab Sv,10.95,15.99,750.0,1197,13107.15,3966.0,63416.340000000004,31660.2,441.54,166655.46,50309.19,79.3315886725724,3.3132832080200503,4.8383012325333885,10.95,Large,-30320.55
9165,ULTRA BEVERAGE COMPANY LLP,25286,A Bichot Morgon Les Charmes,12.83,18.99,750.0,1017,13048.11,1464.0,27627.359999999997,16896.03,162.33,204164.1,14579.249999999996,52.771057386590684,1.4395280235988202,2.117345730531088,12.83,Large,-5735.01
10754,PERFECTA WINES,25158,M Lynch Bordeaux Rouge Medoc,10.06,16.99,750.0,1296,13037.76,1473.0,22110.27,16168.23,162.87,86161.56,9072.51,41.03301316537519,1.1365740740740742,1.6958641668507475,10.06,Large,-1780.6200000000001
9165,ULTRA BEVERAGE COMPANY LLP,20132,Jos Phelps Insignia 2010 Red,84.76,179.99,750.0,153,12968.28,198.0,25342.02,6911.46,22.26,204164.1,12373.74,48.826968015967154,1.2941176470588236,1.9541542903145213,84.76,Medium,-3814.2000000000003
4425,MARTIGNETTI COMPANIES,44755,Bollinger Brut Grande Annee,89.79,131.99,750.0,144,12929.76,177.0,23362.230000000003,11483.130000000001,19.830000000000002,434787.72000000003,10432.470000000003,44.65528333553775,1.2291666666666667,1.8068572038460113,89.79,Medium,-2963.07
4425,MARTIGNETTI COMPANIES,22338,Maison L'Envoye Two Messenge,17.1,26.99,750.0,756,12927.6,528.0,13722.72,5613.839999999999,58.89,434787.72000000003,795.119999999999,5.7941865752562105,0.6984126984126984,1.0615056158915808,17.1,Large,3898.8
8352,LUXCO INC,1009,Rebel Yell Variety Pack,38.75,49.99,750.0,333,12903.75,774.0,33352.26,19459.65,609.8100000000001,30784.8,20448.510000000002,61.310717774447674,2.324324324324324,2.584695146759663,38.75,Large,-17088.75
1128,BROWN-FORMAN CORP,7219,Herradura Reposado NHSLC,30.46,45.99,750.0,423,12884.58,1041.0,47875.590000000004,35044.380000000005,115.05,205805.04,34991.01,73.08737082926811,2.4609929078014185,3.715727637222168,30.46,Large,-18824.28
12546,JIM BEAM BRANDS COMPANY,4060,Sauza Cucumber Chili Tequila,9.35,14.99,750.0,1377,12874.95,1512.0,17575.38,11042.85,1191.93,371642.91,4700.43,26.74440040556733,1.0980392156862746,1.3650833595470273,9.35,Large,-1262.25
9552,M S WALKER INC,22830,Beaux Freres Pnt Nr Will Vly,39.73,59.99,750.0,324,12872.52,345.0,20696.55,15117.480000000001,38.19,166655.46,7824.029999999999,37.80354696797292,1.0648148148148149,1.6078087274286619,39.730000000000004,Large,-834.3299999999999
7153,PINE STATE TRADING CO,2186,Label 5 Scotch 12 Yr,19.56,26.99,750.0,657,12850.92,417.0,13339.83,7389.69,328.8,47654.46,488.90999999999985,3.6650392096450997,0.634703196347032,1.038044746990877,19.56,Large,4694.4
2000,SOUTHERN WINE & SPIRITS NE,23279,Turnbull Syrah 11,16.44,24.99,750.0,774,12724.56,2550.0,63724.5,35685.72,283.41,57049.77,50999.94,80.03191864981287,3.294573643410853,5.007992417812482,16.439999999999998,Large,-29197.440000000002
4425,MARTIGNETTI COMPANIES,37568,Staglin Cab Svgn Rutherford,128.27,185.99,750.0,99,12698.730000000001,72.0,13391.28,10043.460000000001,7.98,434787.72000000003,692.5499999999993,5.17164901338781,0.7272727272727273,1.054536949757968,128.27,Medium,3463.2900000000004
4425,MARTIGNETTI COMPANIES,14306,Dom les Pallieres Gigondas,22.22,33.99,750.0,567,12598.74,324.0,15224.76,5074.92,36.21,434787.72000000003,2626.0200000000004,17.248350712917645,0.5714285714285714,1.2084351292272084,22.22,Large,5399.46
10754,PERFECTA WINES,932,Robert Sinskey Marcien Red,55.91,84.99,750.0,225,12579.75,138.0,13798.62,5399.46,15.39,86161.56,1218.8700000000008,8.833274631811012,0.6133333333333333,1.0968914326596315,55.91,Medium,4864.17
8673,STE MICHELLE WINE ESTATES,37421,Stags Leap Csk 23 Cab Svgn,107.14,164.99,750.0,117,12535.380000000001,213.0,35142.87,17323.95,23.85,47759.1,22607.49,64.33023256211004,1.8205128205128205,2.8034945889155334,107.14000000000001,Medium,-10285.44
10754,PERFECTA WINES,21431,Ch Pape Clement Pess leognan,60.12,116.99,750.0,207,12444.84,138.0,12694.62,7175.219999999999,15.360000000000001,86161.56,249.78000000000065,1.9676051744754914,0.6666666666666666,1.0200709691727656,60.12,Medium,4148.28
4425,MARTIGNETTI COMPANIES,12139,Silver Oak Cab Svgn Napa Vly,149.65,219.99,1500.0,81,12121.65,90.0,19799.100000000002,14519.34,20.04,434787.72000000003,7677.450000000003,38.776762580117285,1.1111111111111112,1.6333667446263507,149.65,Medium,-1346.8500000000001
9165,ULTRA BEVERAGE COMPANY LLP,2922,Usquaebach 15 Yr Whisky,51.46,69.99,750.0,234,12041.64,447.0,31285.53,25826.309999999998,352.65000000000003,204164.1,19243.89,61.510513007131415,1.9102564102564104,2.598112051182397,51.46,Medium,-10960.98
1128,BROWN-FORMAN CORP,6942,Southern Comfort Cherry,7.46,13.99,750.0,1602,11950.92,1857.0,21351.93,11217.75,206.52,205805.04,9401.01,44.02885359777781,1.1591760299625469,1.7866348364812081,7.46,Large,-1902.3
2000,SOUTHERN WINE & SPIRITS NE,19970,Ch Ducru Beaucallou 10,263.15,399.99,750.0,45,11841.75,54.0,21599.46,4799.88,6.0600000000000005,57049.77,9757.71,45.17571272615149,1.2,1.8240091202736082,263.15,Small,-2368.35
90037,THE PIERPONT GROUP LLC,2163,Sloane's Gin,14.38,24.99,750.0,819,11777.220000000001,1050.0,21214.5,13343.429999999998,827.73,83.94,9437.279999999999,44.485045605599936,1.2820512820512822,1.8013164397030876,14.38,Large,-3321.78
3960,DIAGEO NORTH AMERICA INC,3070,Peligroso Reposado Tequila,16.53,29.99,750.0,711,11752.83,579.0,13020.21,6225.179999999999,456.24,771096.21,1267.3799999999992,9.733944383385516,0.8143459915611815,1.1078361552068736,16.53,Large,2181.96
1392,CONSTELLATION BRANDS INC,3785,Svedka Orange Cream Pop,6.98,12.99,750.0,1674,11684.52,1974.0,18785.76,9903.12,1555.59,238586.97,7101.239999999998,37.80118557886398,1.17921146953405,1.607747686682893,6.98,Large,-2094.0
9165,ULTRA BEVERAGE COMPANY LLP,22230,Glam Prosecco,8.96,12.99,750.0,1278,11450.88,1506.0,24080.94,14247.09,167.13,204164.1,12630.06,52.44836787932697,1.1784037558685445,2.1029772384305834,8.959999999999999,Large,-2042.88
480,BACARDI USA INC,4160,Bacardi Gran Reserva Maestro,15.5,24.99,750.0,729,11299.5,1692.0,36193.079999999994,25382.969999999998,1334.07,267858.81,24893.579999999994,68.7799435693232,2.3209876543209877,3.203069162352316,15.5,Large,-14926.5
4425,MARTIGNETTI COMPANIES,23076,Madrigal Znfdl,9.08,13.99,750.0,1242,11277.359999999999,2259.0,31603.41,14185.86,251.85,434787.72000000003,20326.050000000003,64.31600260857927,1.818840579710145,2.802376620060014,9.079999999999998,Large,-9234.36
8112,MOET HENNESSY USA INC,9291,Grand Marnier Quintessence,620.15,799.99,750.0,18,11162.699999999999,18.0,14399.82,14399.82,14.22,145041.78,3237.120000000001,22.48028100351255,1.0,1.2899943562041443,620.15,Small,0.0
4425,MARTIGNETTI COMPANIES,22337,Maison L'Envoye The Attache,24.66,36.99,750.0,450,11097.0,306.0,11318.94,5881.410000000001,33.99,434787.72000000003,221.9400000000005,1.9607843137254948,0.68,1.02,24.66,Large,3551.04
10754,PERFECTA WINES,22028,Gramercy Clrs Grenache,34.01,49.99,750.0,324,11019.24,264.0,13197.36,9148.17,29.22,86161.56,2178.120000000001,16.504209932895677,0.8148148148148148,1.1976651747307439,34.01,Large,2040.6
4425,MARTIGNETTI COMPANIES,16824,Adissat Lirac,13.15,19.99,750.0,837,11006.55,927.0,18530.73,11454.269999999999,102.87,434787.72000000003,7524.18,40.60379704415315,1.10752688172043,1.683609305368167,13.149999999999999,Large,-1183.5
1601,VRANKEN AMERICA,22820,Rozes Vintage 2000 Old Port,27.74,42.99,750.0,396,10985.039999999999,450.0,19345.5,10704.51,49.980000000000004,3146.91,8360.460000000001,43.21656199116074,1.1363636363636365,1.761076882742348,27.74,Large,-1497.9599999999998
10754,PERFECTA WINES,21438,Ch Boyd Cantenac Margaux,75.86,109.99,750.0,144,10923.84,114.0,12538.86,6599.4,12.75,86161.56,1615.0200000000004,12.880118288265443,0.7916666666666666,1.147843615431936,75.86,Medium,2275.8
3252,E & J GALLO WINERY,23401,Bridlewood Slct Pnt Nr Lucia,10.8,15.99,750.0,999,10789.2,1020.0,16309.800000000001,4173.39,114.33,185900.73,5520.6,33.848361108045474,1.021021021021021,1.5116783450116784,10.8,Large,-226.8
12546,JIM BEAM BRANDS COMPANY,5325,Hornitos Spiced Honey Liquer,12.94,21.99,750.0,819,10597.86,732.0,14194.679999999998,7286.16,576.57,371642.91,3596.819999999998,25.33921159194852,0.8937728937728938,1.3393911601021335,12.940000000000001,Large,1125.78
8352,LUXCO INC,1022,St Brendans Salted Caramel,10.6,13.99,750.0,999,10589.4,1656.0,19147.44,11773.83,1304.88,30784.8,8558.039999999999,44.69547887341597,1.6576576576576576,1.808170434585529,10.6,Large,-6964.2
4425,MARTIGNETTI COMPANIES,16174,Inkblot Cab Franc,21.7,35.99,750.0,486,10546.199999999999,555.0,19443.45,12803.37,61.5,434787.72000000003,8897.250000000002,45.759625992300755,1.1419753086419753,1.8436451043977928,21.7,Large,-1497.3
8892,TRINCHERO FAMILY ESTATES,18232,Shatter Grenache VdP Catalan,11.03,19.99,750.0,954,10522.62,819.0,16371.81,7196.4,91.26,34787.91,5849.189999999999,35.72720426147139,0.8584905660377359,1.5558682153304024,11.030000000000001,Large,1489.05
7153,PINE STATE TRADING CO,2467,Catskill Most Righteous Brbn,17.96,32.99,375.0,585,10506.6,555.0,15930.449999999999,10439.4,217.35,47654.46,5423.8499999999985,34.04706081749103,0.9487179487179487,1.5162326537604933,17.96,Large,538.8000000000001
480,BACARDI USA INC,3185,Grey Goose L'Orange Vodka,35.33,46.99,1750.0,297,10493.01,840.0,39471.6,27771.09,1544.25,267858.81,28978.589999999997,73.4163043808713,2.8282828282828283,3.761704220238044,35.33,Large,-19184.19
90011,FORTUNE WINE BROKERS LLC,2484,Tatoosh Bourbon,36.95,50.99,750.0,279,10309.05,333.0,17360.670000000002,13428.42,262.74,715.83,7051.620000000003,40.618363231372996,1.1935483870967742,1.6840222910937481,36.949999999999996,Medium,-1995.3000000000002
10754,PERFECTA WINES,23898,Dr Konstantin Frank Rose,9.08,16.99,750.0,1134,10296.72,885.0,15036.15,7594.53,98.43,86161.56,4739.43,31.520236230684056,0.7804232804232805,1.4602854112766008,9.08,Large,2260.92
17035,PERNOD RICARD USA,8958,Malibu Peach Sparkler RTD,7.99,13.99,750.0,1278,10211.22,1581.0,15854.19,9470.58,1246.08,371340.66,5642.970000000001,35.59292527716648,1.2370892018779343,1.5526244660285453,7.989999999999999,Large,-2420.9700000000003
4692,KOBRAND CORPORATION,14105,Cakebread Dancing Bear Cab S,75.16,114.99,750.0,135,10146.6,102.0,11728.98,5864.49,11.4,27418.14,1582.3799999999992,13.491198723162622,0.7555555555555555,1.1559517473833598,75.16,Medium,2480.2799999999997
6355,NICHE W & S,5680,Barenjager Honey Liqueur,1.46,1.99,50.0,6939,10130.94,9786.0,19474.14,10363.92,500.25,1653.63,9343.199999999999,47.97747166242001,1.4102896670990057,1.9222441352924802,1.46,Large,-4156.62
4425,MARTIGNETTI COMPANIES,24528,Scott Family Est Pnt Nr Arro,16.43,23.99,750.0,612,10055.16,534.0,12810.66,6405.33,59.43,434787.72000000003,2755.5,21.50943042747212,0.8725490196078431,1.274038404162639,16.43,Large,1281.54
9819,TREASURY WINE ESTATES,24595,Greg Norman Svgn Blanc Marlb,5.86,16.99,750.0,1683,9862.38,1377.0,12103.83,3744.5399999999995,154.11,44509.71,2241.4500000000007,18.518518518518526,0.8181818181818182,1.2272727272727273,5.859999999999999,Large,1793.16
4425,MARTIGNETTI COMPANIES,21737,Paul Hobbs Beckstoffer Cab S,120.8,179.99,750.0,81,9784.8,39.0,10529.61,7289.7300000000005,4.3500000000000005,434787.72000000003,744.8100000000013,7.073481354010275,0.48148148148148145,1.0761190826588178,120.8,Medium,5073.599999999999
7245,PROXIMO SPIRITS INC.,3738,Three Olives Chocolate Vodka,9.29,11.99,750.0,1053,9782.37,2175.0,27005.25,12538.92,1713.27,116984.34,17222.879999999997,63.77604354708806,2.0655270655270654,2.7606040254048865,9.290000000000001,Large,-10423.38
12546,JIM BEAM BRANDS COMPANY,2765,Laphroaig 18 Yr Single Malt,60.14,79.99,750.0,162,9742.68,123.0,10288.77,5849.28,96.93,371642.91,546.0900000000001,5.307631524467941,0.7592592592592593,1.0560513123699022,60.14,Medium,2345.46
4425,MARTIGNETTI COMPANIES,22107,Emmolo Merlot,39.99,57.99,750.0,243,9717.57,261.0,15135.39,7480.71,28.98,434787.72000000003,5417.82,35.79570794013237,1.0740740740740742,1.557528270956628,39.99,Medium,-719.82
1590,DIAGEO CHATEAU ESTATE WINES,17377,BV Beaurouge Red,10.13,14.99,750.0,954,9664.02,1377.0,20641.23,7779.81,153.69,21779.25,10977.21,53.180987760903776,1.4433962264150944,2.135884445603382,10.13,Large,-4284.990000000001
3664,WILLIAM GRANT & SONS INC,2714,Glenfiddich The Original,76.33,99.99,750.0,126,9617.58,237.0,23697.63,14998.5,186.9,90703.26,14080.050000000001,59.415435214407516,1.880952380952381,2.4639909415882166,76.33,Medium,-8472.63
4425,MARTIGNETTI COMPANIES,22957,Guigal Cote Rotie Br et Blnd,42.48,64.99,750.0,225,9558.0,195.0,12673.05,7603.829999999999,21.69,434787.72000000003,3115.0499999999993,24.58011291678009,0.8666666666666667,1.3259102322661644,42.48,Medium,1274.3999999999999
10754,PERFECTA WINES,21463,Chateau Pontet Canet Pauilac,95.23,139.99,750.0,99,9427.77,84.0,11759.16,6719.52,9.360000000000001,86161.56,2331.3899999999994,19.82616105232006,0.8484848484848485,1.247289655984395,95.23,Medium,1428.45
4425,MARTIGNETTI COMPANIES,41575,Neyers Conn Vly Cab Svgn,33.77,55.99,750.0,279,9421.83,489.0,25936.11,15213.150000000001,54.21,434787.72000000003,16514.28,63.67292550810433,1.7526881720430108,2.752767774413251,33.77,Medium,-7091.700000000001
9165,ULTRA BEVERAGE COMPANY LLP,23383,Vivanco Rioja Rsva 08,11.48,16.99,750.0,819,9402.12,2337.0,39705.63,20999.64,259.83,204164.1,30303.509999999995,76.32043616988321,2.8534798534798536,4.223050758765043,11.48,Large,-17426.64
4425,MARTIGNETTI COMPANIES,21730,Ch Les Ormes Saint-Julien,38.4,57.99,750.0,243,9331.2,345.0,20006.55,10438.2,38.4,434787.72000000003,10675.349999999999,53.35927483749071,1.4197530864197532,2.14404899691358,38.400000000000006,Medium,-3916.7999999999997
10754,PERFECTA WINES,24929,Corvo Nero d'Avola & Pnt Gr,11.84,23.99,750.0,783,9270.72,672.0,16103.279999999999,7826.73,74.91,86161.56,6832.5599999999995,42.42961682340492,0.8582375478927203,1.7370042456249353,11.84,Large,1314.24
4425,MARTIGNETTI COMPANIES,24766,Tenshen Red,10.27,27.99,750.0,900,9243.0,2691.0,40338.090000000004,10118.25,301.65000000000003,434787.72000000003,31095.090000000004,77.08617339095629,2.99,4.364177215189874,10.27,Large,-18393.57
2561,EDRINGTON AMERICAS,2530,The Macallan 17Yr Old Scotch,170.36,229.99,750.0,54,9199.44,87.0,20909.13,18149.25,68.64,28963.5,11709.69,56.002760516578164,1.6111111111111112,2.272869870339934,170.36,Small,-5621.88
4425,MARTIGNETTI COMPANIES,24936,T-Vine Petite Sirah Napa,9.67,14.99,750.0,945,9138.15,2166.0,32468.34,9263.82,242.64000000000001,434787.72000000003,23330.190000000002,71.85519801751492,2.292063492063492,3.553053955122208,9.67,Large,-11807.07
3960,DIAGEO NORTH AMERICA INC,2392,Crown Royal 75th Anniversary,50.72,69.99,750.0,180,9129.6,186.0,13018.14,8188.829999999999,146.52,771096.21,3888.539999999999,29.870165784052094,1.0333333333333334,1.4259266561514194,50.72,Medium,-304.32
10754,PERFECTA WINES,22950,Pierre Andre Chablis,18.61,26.99,750.0,486,9044.46,486.0,13813.14,8055.179999999999,53.88,86161.56,4768.68,34.52278048293147,1.0,1.5272487246336433,18.61,Large,0.0
9165,ULTRA BEVERAGE COMPANY LLP,22228,Luiano Ottantuno Chianti,27.15,42.99,750.0,333,9040.95,234.0,9591.66,4058.01,26.1,204164.1,550.7099999999991,5.741550471972517,0.7027027027027027,1.0609128465482056,27.150000000000002,Large,2687.85
17035,PERNOD RICARD USA,2584,JP Wiser's Spiced Vanilla,14.28,18.99,750.0,630,8996.4,618.0,11735.82,6722.459999999999,487.35,371340.66,2739.42,23.34238255187963,0.9809523809523809,1.3045018007202882,14.28,Large,171.35999999999999
17035,PERNOD RICARD USA,3061,Absolut Grapevine Vodka,11.32,16.99,750.0,792,8965.44,1170.0,17016.3,11572.05,922.41,371340.66,8050.859999999999,47.312635531813605,1.4772727272727273,1.8979882749759074,11.32,Large,-4278.96
7153,PINE STATE TRADING CO,2498,Catskill Fearless Whiskey,26.86,45.99,375.0,333,8944.380000000001,267.0,11583.33,6964.38,104.55,47654.46,2638.949999999999,22.782308714333432,0.8018018018018018,1.2950400139528955,26.860000000000003,Large,1772.76
9165,ULTRA BEVERAGE COMPANY LLP,23381,Pacifica Cab Svgn/Merlot 11,11.76,17.99,750.0,756,8890.56,1221.0,21965.79,8959.019999999999,136.11,204164.1,13075.230000000001,59.5254256732856,1.6150793650793651,2.4706868858654576,11.76,Large,-5468.4
4425,MARTIGNETTI COMPANIES,20883,Quinta do Noval Port 11,61.22,89.99,750.0,144,8815.68,114.0,10258.86,7829.129999999999,12.6,434787.72000000003,1443.1800000000003,14.067644943005364,0.7916666666666666,1.1637060328868563,61.22,Medium,1836.6
4425,MARTIGNETTI COMPANIES,11187,Phillips Rapture Cab Svgn,37.66,56.99,750.0,234,8812.44,276.0,15627.24,8671.470000000001,30.66,434787.72000000003,6814.799999999999,43.60846828998594,1.1794871794871795,1.7733159034274275,37.660000000000004,Medium,-1581.7199999999998
2242,DELICATO VINEYARDS INC,23403,La Merika Pnt Grigio Montery,6.16,8.99,750.0,1422,8759.52,1560.0,14024.4,5771.58,173.91,23947.95,5264.879999999999,37.54085736288183,1.0970464135021096,1.6010466326922022,6.16,Large,-850.08
1128,BROWN-FORMAN CORP,1051,Woodford Reserve MC 1838,74.62,99.99,750.0,117,8730.54,267.0,24987.329999999998,21657.69,210.72,205805.04,16256.789999999997,65.0601324751384,2.282051282051282,2.8620600787580144,74.62,Medium,-11193.0
9552,M S WALKER INC,20748,Terrasole 07 Brunelo d Montl,34.48,49.99,750.0,252,8688.96,990.0,49490.1,30743.850000000002,109.83,166655.46,40801.14,82.44303406135772,3.9285714285714284,5.695744945309911,34.48,Medium,-25446.239999999998
11567,CAMPARI AMERICA,3928,Barcraft Watermelon Fresca V,9.52,15.99,750.0,909,8653.68,1575.0,18884.25,11762.19,1241.3400000000001,62894.43,10230.57,54.17514595496247,1.7326732673267327,2.1822218986604542,9.52,Large,-6340.32
4425,MARTIGNETTI COMPANIES,23662,Dom Cachot Monot Ct Nuits,17.99,26.99,750.0,477,8581.23,504.0,13602.96,7449.24,55.980000000000004,434787.72000000003,5021.73,36.91645053723601,1.0566037735849056,1.5851993245723515,17.99,Large,-485.72999999999996
9552,M S WALKER INC,20771,Chehalem Ridge Crest Vyds Pn,27.81,59.99,750.0,306,8509.86,234.0,9825.66,5164.77,25.98,166655.46,1315.7999999999993,13.391466832762372,0.7647058823529411,1.1546206400575332,27.810000000000002,Large,2002.32
4425,MARTIGNETTI COMPANIES,24964,Ch Jean de Gue Lalande de Po,26.14,39.99,750.0,324,8469.36,282.0,11277.18,5158.71,31.41,434787.72000000003,2807.8199999999997,24.898245838055256,0.8703703703703703,1.3315268213891014,26.14,Large,1097.88
4425,MARTIGNETTI COMPANIES,46583,Errazuriz Max Fndrs RSV,47.05,99.99,750.0,180,8469.0,174.0,12526.26,6047.16,19.41,434787.72000000003,4057.26,32.390035014441665,0.9666666666666667,1.4790719093163303,47.05,Medium,282.29999999999995
10754,PERFECTA WINES,18740,Robert Sinskey Aries Pnt Nr,19.6,30.99,750.0,432,8467.199999999999,291.0,9402.09,5506.320000000001,32.370000000000005,86161.56,934.8900000000012,9.943427471976989,0.6736111111111112,1.1104131235827666,19.599999999999998,Large,2763.6000000000004
4425,MARTIGNETTI COMPANIES,21386,Segal's Cab Svgn Spcl Rsv Ga,13.54,20.99,750.0,621,8408.34,804.0,16875.96,7178.579999999999,89.76,434787.72000000003,8467.619999999999,50.17563445279557,1.2946859903381642,2.0070501430722354,13.540000000000001,Large,-2477.8199999999997
653,STATE WINE & SPIRITS,2910,Full Throttle Vanila Whiskey,14.7,19.99,750.0,567,8334.9,456.0,9115.439999999999,5397.299999999999,359.55,24044.94,780.539999999999,8.56283404860324,0.8042328042328042,1.0936471943274664,14.7,Large,1631.6999999999998
10754,PERFECTA WINES,39473,Acorn Cve Alegria Russ Syrah,18.49,27.99,750.0,450,8320.5,297.0,8340.029999999999,6072.8099999999995,32.85,86161.56,19.529999999998836,0.23417181952581512,0.66,1.0023472147106542,18.49,Large,2828.97
1392,CONSTELLATION BRANDS INC,3230,Svedka Grapefruit Jalapeno,7.08,10.99,750.0,1170,8283.6,1482.0,14064.18,8484.06,1167.8700000000001,238586.97,5780.58,41.10143641506295,1.2666666666666666,1.697834274952919,7.08,Large,-2208.96
4425,MARTIGNETTI COMPANIES,19866,Clarendelle Brdx Blanc,11.48,16.99,750.0,720,8265.6,588.0,9990.119999999999,4281.48,65.52,434787.72000000003,1724.5199999999986,17.262255108046737,0.8166666666666667,1.2086382113821137,11.48,Large,1515.3600000000001
17035,PERNOD RICARD USA,2660,Jameson Rarest Vintage Rsv,229.0,299.99,750.0,36,8244.0,51.0,15299.49,15299.49,40.29,371340.66,7055.49,46.11585092052088,1.4166666666666667,1.8558333333333332,229.0,Small,-3435.0
1587,VINEYARD BRANDS INC,21979,Massolino Dolcetto D'Alba,11.64,16.99,750.0,702,8171.280000000001,687.0,11672.13,6014.459999999999,76.35,18210.27,3500.8499999999985,29.993240308324175,0.9786324786324786,1.428433489000499,11.64,Large,174.60000000000002
12546,JIM BEAM BRANDS COMPANY,5678,Skinnygirl Pina Colada,6.93,12.99,750.0,1170,8108.1,1011.0,9919.89,4074.2400000000002,796.44,371642.91,1811.789999999999,18.26421462334763,0.8641025641025641,1.2234543234543234,6.930000000000001,Large,1101.87
4425,MARTIGNETTI COMPANIES,25283,Ransom Selection Pnt Nr,16.66,24.99,750.0,486,8096.759999999999,780.0,19492.2,14169.33,86.19,434787.72000000003,11395.440000000002,58.461538461538474,1.6049382716049383,2.407407407407408,16.66,Large,-4898.04
3664,WILLIAM GRANT & SONS INC,2814,Hudson Bay Bourbon,31.0,39.99,375.0,261,8091.0,204.0,9147.960000000001,5233.83,79.92,90703.26,1056.960000000001,11.55405139506514,0.7816091954022989,1.1306340378197999,31.0,Medium,1767.0
9552,M S WALKER INC,24540,Signo 11 Bobal de Manchuela,13.79,21.99,750.0,585,8067.15,858.0,18057.42,9103.65,95.46000000000001,166655.46,9990.269999999999,55.3250132078669,1.4666666666666666,2.238389022145367,13.79,Large,-3764.6699999999996
3960,DIAGEO NORTH AMERICA INC,2058,Booth's Cask Mellowed Gin,33.08,43.99,750.0,243,8038.4400000000005,258.0,11349.42,8182.14,203.58,771096.21,3310.9799999999996,29.173120740971783,1.0617283950617284,1.4118933524415185,33.080000000000005,Medium,-496.2
90024,VINILANDIA USA,12374,Zanetti Prosecco Frizzante,6.66,14.99,750.0,1206,8031.96,1041.0,10399.59,6143.85,115.41,8407.92,2367.63,22.76657060518732,0.8631840796019901,1.294776119402985,6.66,Large,1098.9
4425,MARTIGNETTI COMPANIES,36907,Dom Tempier Bandol Rg,25.97,44.99,750.0,306,7946.82,357.0,14276.43,5638.59,39.870000000000005,434787.72000000003,6329.610000000001,44.336084021005256,1.1666666666666667,1.7964959568733154,25.97,Large,-1324.47
4692,KOBRAND CORPORATION,15951,Tenuta Sette Ponti Oreno,36.48,79.99,750.0,216,7879.68,153.0,8260.47,2915.46,17.13,27418.14,380.78999999999905,4.609786125971029,0.7083333333333334,1.0483255665204678,36.480000000000004,Medium,2298.24
9552,M S WALKER INC,19887,Guasti Clemente Barolo Rsva,32.25,64.99,750.0,243,7836.75,903.0,45140.97,18746.25,100.77,166655.46,37304.22,82.63938501986111,3.7160493827160495,5.760164609053498,32.25,Medium,-21285.0
1587,VINEYARD BRANDS INC,21983,Massolino Barbera D'Alba,11.68,17.99,750.0,666,7778.88,891.0,16029.089999999998,10092.39,98.79,18210.27,8250.21,51.470233182295445,1.337837837837838,2.0605909848204367,11.68,Large,-2628.0
480,BACARDI USA INC,3778,Grey Goose Le Citron Vodka,34.3,46.99,1750.0,225,7717.5,627.0,29462.73,22132.29,1152.69,267858.81,21745.23,73.80588967824774,2.7866666666666666,3.8176520894071913,34.3,Medium,-13788.599999999999
1601,VRANKEN AMERICA,22819,Rozes Infanta Isabel 10 Yr,15.86,24.99,750.0,486,7707.96,405.0,9976.949999999999,8720.46,44.67,3146.91,2268.989999999999,22.742321050020287,0.8333333333333334,1.2943697165008639,15.86,Large,1284.6599999999999
1703,ALISA CARR BEVERAGES,90012,Ch Malartic Lagravier 12 RG,34.24,49.99,750.0,225,7704.0,375.0,18746.25,10047.99,41.730000000000004,516.0,11042.25,58.90378075615123,1.6666666666666667,2.433313862928349,34.24,Medium,-5136.0
9165,ULTRA BEVERAGE COMPANY LLP,856,Chinaco Blanco Tequila,21.73,29.99,750.0,351,7627.23,573.0,17184.27,11156.279999999999,451.71,204164.1,9557.04,55.61504794791981,1.6324786324786325,2.25301583930208,21.73,Large,-4824.06
653,STATE WINE & SPIRITS,9140,Caffo Vecchio Amaro del Capo,16.29,21.99,750.0,468,7623.719999999999,657.0,14447.429999999998,10687.14,518.01,24044.94,6823.709999999999,47.231306882954264,1.4038461538461537,1.8950630400906643,16.29,Large,-3078.81
7153,PINE STATE TRADING CO,23944,Ch du Courlat 10,17.23,24.99,750.0,441,7598.429999999999,690.0,17243.1,9671.13,76.59,47654.46,9644.669999999998,55.933503836317136,1.564625850340136,2.2692977365060942,17.229999999999997,Large,-4290.27
9165,ULTRA BEVERAGE COMPANY LLP,10623,Querceto La Corte Toscana,31.97,46.99,750.0,234,7480.98,186.0,8965.14,5605.83,20.61,204164.1,1484.1599999999999,16.55478888227066,0.7948717948717948,1.1983911198800157,31.97,Medium,1534.56
9625,WESTERN SPIRITS BEVERAGE CO,3740,Kru Peach Mango Vodka,5.26,6.99,750.0,1422,7479.72,1032.0,12889.68,6594.72,813.21,5799.57,5409.96,41.97125141974044,0.7257383966244726,1.723283759285107,5.26,Large,2051.4
1128,BROWN-FORMAN CORP,7780,Herradura Reposado Lot 598,34.58,45.99,750.0,216,7469.28,165.0,7588.35,2069.55,129.9,205805.04,119.07000000000062,1.5691158156911662,0.7638888888888888,1.0159412955465588,34.58,Medium,1763.58
11567,CAMPARI AMERICA,8010,Wild Turkey Forgiven,39.28,54.99,750.0,189,7423.92,282.0,15507.18,12207.78,222.36,62894.43,8083.26,52.12591844552008,1.492063492063492,2.0888129182426534,39.28,Medium,-3653.04
4425,MARTIGNETTI COMPANIES,24285,Dom Clavel Languedoc,9.03,13.99,750.0,819,7395.57,855.0,11961.45,6799.14,94.98,434787.72000000003,4565.880000000001,38.17162634964825,1.043956043956044,1.6173804047558202,9.03,Large,-325.08
10754,PERFECTA WINES,20517,Hauts de Smith Rouge Pessac,22.81,35.99,750.0,324,7390.4400000000005,483.0,17383.170000000002,10041.210000000001,53.61,86161.56,9992.730000000001,57.48508471124657,1.4907407407407407,2.352115706236706,22.810000000000002,Large,-3626.79
4425,MARTIGNETTI COMPANIES,21408,Ramon Cardova Garnacha,11.99,17.99,750.0,612,7337.88,417.0,7501.83,4803.33,46.26,434787.72000000003,163.94999999999982,2.1854667461139456,0.6813725490196079,1.0223429655431815,11.99,Large,2338.05
1128,BROWN-FORMAN CORP,5434,Southern Comfort Caramel,8.64,13.99,750.0,846,7309.4400000000005,1080.0,12409.2,8376.210000000001,851.6700000000001,205805.04,5099.76,41.09660574412533,1.2765957446808511,1.697695035460993,8.64,Large,-2021.7600000000002
7153,PINE STATE TRADING CO,39689,Hahn Meritage Central Coast,8.66,12.99,750.0,837,7248.42,1398.0,23053.019999999997,12219.089999999998,155.46,47654.46,15804.599999999997,68.55761197448317,1.6702508960573477,3.1804200087743255,8.66,Large,-4858.26
90024,VINILANDIA USA,19648,Dachshund Rsl,8.96,14.99,750.0,801,7176.96,990.0,14150.1,8595.03,109.86,8407.92,6973.14,49.279793075667314,1.2359550561797752,1.9716007891920813,8.96,Large,-1693.44
2000,SOUTHERN WINE & SPIRITS NE,24331,Ch Talbot St-Julien 12 GCC,39.6,60.99,750.0,180,7128.0,288.0,17565.12,10063.35,31.95,57049.77,10437.119999999999,59.419576979832755,1.6,2.464242424242424,39.6,Medium,-4276.8
10754,PERFECTA WINES,23777,Ch Smith Haut Lafitte 12 Whi,87.16,128.99,750.0,81,7059.960000000001,90.0,11609.1,4643.64,10.08,86161.56,4549.139999999999,39.185983409566624,1.1111111111111112,1.6443577584008973,87.16000000000001,Medium,-784.4399999999999
7749,R.P.IMPORTS INC,19061,Ch Olivier Pessac-Leognan 10,33.99,50.99,750.0,207,7035.93,198.0,10096.02,5812.860000000001,22.02,274.5,3060.09,30.30986467934889,0.9565217391304348,1.4349233150415084,33.99,Medium,305.91
9165,ULTRA BEVERAGE COMPANY LLP,18276,Cecchi Coevo Wood,35.48,54.99,750.0,198,7025.04,246.0,14577.54,8668.56,27.3,204164.1,7552.500000000001,51.80915298465997,1.2424242424242424,2.0750828465033653,35.48,Medium,-1703.04
8004,SAZERAC CO INC,2664,Firefly Moonshine,10.5,16.99,750.0,666,6993.0,876.0,12700.74,8788.44,690.69,150880.86000000002,5707.74,44.94021608189759,1.3153153153153154,1.8162076362076363,10.5,Large,-2205.0
4425,MARTIGNETTI COMPANIES,21160,Nyers Vyds Vista Luna Znfdl,14.56,27.99,750.0,477,6945.12,423.0,9301.769999999999,6201.179999999999,46.86,434787.72000000003,2356.6499999999987,25.335500662777072,0.8867924528301887,1.3393245905038356,14.56,Large,786.24
1587,VINEYARD BRANDS INC,23069,Delamotte Bl de Bl Brut,16.66,24.99,375.0,414,6897.24,396.0,9896.039999999999,3148.74,22.59,18210.27,2998.7999999999993,30.303030303030297,0.9565217391304348,1.434782608695652,16.66,Large,299.88
17035,PERNOD RICARD USA,1181,Kahlua Peppermint Mocha,11.02,13.99,750.0,621,6843.42,1083.0,21166.17,15019.349999999999,853.9200000000001,371340.66,14322.749999999998,67.66812323627751,1.7439613526570048,3.0929228368272,11.02,Large,-5091.24
4425,MARTIGNETTI COMPANIES,10400,Rodney Strong Symmetry,36.05,56.99,750.0,189,6813.45,306.0,17591.94,13275.69,33.81,434787.72000000003,10778.489999999998,61.269479090992796,1.619047619047619,2.5819430684895317,36.05,Medium,-4217.849999999999
10754,PERFECTA WINES,20252,Round Pond Est Cab Rutherfrd,29.6,44.99,750.0,225,6660.0,342.0,20327.58,13362.75,37.86,86161.56,13667.580000000002,67.23663121729197,1.52,3.0521891891891895,29.6,Medium,-3463.2000000000003
9165,ULTRA BEVERAGE COMPANY LLP,22922,Patricius Tokaj Furmint,12.32,17.99,750.0,540,6652.8,708.0,7489.92,4199.07,78.72,204164.1,837.1199999999999,11.176621379133554,1.3111111111111111,1.1258297258297258,12.32,Large,-2069.76
2000,SOUTHERN WINE & SPIRITS NE,24312,Ch Clos Fourtet 12 St-Emilin,67.11,99.99,750.0,99,6643.89,165.0,16498.35,10798.92,18.27,57049.77,9854.46,59.72997299729973,1.6666666666666667,2.4832364774251228,67.11,Medium,-4429.26
1587,VINEYARD BRANDS INC,20903,Delamotte Brut,12.66,19.99,375.0,522,6608.5199999999995,486.0,9229.14,3930.93,27.84,18210.27,2620.62,28.39506172839506,0.9310344827586207,1.396551724137931,12.659999999999998,Large,455.76
4425,MARTIGNETTI COMPANIES,23189,Walt La Brisa Chard,21.56,32.99,750.0,306,6597.360000000001,474.0,13522.26,7752.299999999999,52.59,434787.72000000003,6924.9,51.21111411849794,1.5490196078431373,2.0496471315799045,21.560000000000002,Large,-3622.08
10754,PERFECTA WINES,23039,Trombetta Family Wines Pnt N,33.11,49.99,750.0,198,6555.78,159.0,7948.41,4199.16,17.67,86161.56,1392.63,17.52086266309866,0.803030303030303,1.2124278117935623,33.11,Medium,1291.29
9165,ULTRA BEVERAGE COMPANY LLP,37765,Castello Montauto Vernaccia,6.12,8.99,750.0,1062,6499.4400000000005,1032.0,9277.68,2993.67,115.32000000000001,204164.1,2778.24,29.945417388829966,0.9717514124293786,1.4274583656438093,6.12,Large,183.6
9552,M S WALKER INC,19809,Ch Lassegue 07 St Emilion AC,31.33,46.99,750.0,207,6485.3099999999995,174.0,8512.26,4984.9800000000005,19.32,166655.46,2026.9500000000007,23.812125099562287,0.8405797101449275,1.3125448128154245,31.33,Medium,1033.8899999999999
10754,PERFECTA WINES,23147,Ch Floreal Laguens Brdx,7.99,13.99,750.0,810,6471.9,810.0,11283.9,5342.16,90.12,86161.56,4812.0,42.64483024486215,1.0,1.7435219950864507,7.989999999999999,Large,0.0
4425,MARTIGNETTI COMPANIES,24527,Scott Family Est Chard Arroy,13.07,19.99,750.0,495,6469.650000000001,423.0,8455.77,3898.0499999999997,47.160000000000004,434787.72000000003,1986.12,23.488339914638168,0.8545454545454545,1.3069903317799263,13.07,Large,941.04
2000,SOUTHERN WINE & SPIRITS NE,23293,Ch Pavie Macquin St Emiln 11,55.03,81.99,750.0,117,6438.509999999999,81.0,6641.19,3689.5499999999997,9.0,57049.77,202.6800000000003,3.0518626932823834,0.6923076923076923,1.0314793329512575,55.029999999999994,Medium,1981.08
9165,ULTRA BEVERAGE COMPANY LLP,4287,Dictador 20 Yr Rum,44.44,59.99,750.0,144,6399.360000000001,252.0,15117.48,11338.11,198.78,204164.1,8718.119999999999,57.66913533207914,1.75,2.3623424842484244,44.440000000000005,Medium,-4799.5199999999995
653,STATE WINE & SPIRITS,2813,Full Throttle Peach Whiskey,14.49,19.99,750.0,441,6390.09,441.0,8815.59,4797.599999999999,347.58,24044.94,2425.5,27.51375687843922,1.0,1.3795721187025536,14.49,Large,0.0
10754,PERFECTA WINES,21468,La Chapelle de la Mission Ha,54.48,101.99,750.0,117,6374.16,90.0,7109.099999999999,3317.58,9.99,86161.56,734.9399999999996,10.33801747056589,0.7692307692307693,1.115299898339546,54.48,Medium,1470.9599999999998
90047,CRUSH WINES,22657,Iron Horse Est Chard,19.59,28.99,750.0,324,6347.16,318.0,8906.82,5757.96,35.25,4373.19,2559.66,28.738202860280097,0.9814814814814815,1.4032764259920973,19.59,Large,117.53999999999999
9165,ULTRA BEVERAGE COMPANY LLP,19265,Tom Eddy Mt Veeder Cab S Rsv,50.32,79.99,750.0,126,6340.32,144.0,11230.56,4679.4,16.05,204164.1,4890.24,43.544044108219005,1.1428571428571428,1.7712923007040655,50.32,Medium,-905.76
9165,ULTRA BEVERAGE COMPANY LLP,21412,Cesari Bardolino Chiaretto,5.29,13.99,750.0,1197,6332.13,1650.0,13183.5,5968.53,183.78,204164.1,6851.37,51.96927978154511,1.3784461152882206,2.082000843318125,5.29,Large,-2396.37
6785,PALM BAY INTERNATIONAL INC,24280,Mazzei Siepi,58.21,84.99,750.0,108,6286.68,108.0,9178.92,4334.49,12.030000000000001,40816.23,2892.24,31.50958936345452,1.0,1.4600584092080398,58.21,Medium,0.0
4425,MARTIGNETTI COMPANIES,24244,Ch Corconnac Svgn Bl,14.47,21.99,750.0,432,6251.04,708.0,16984.92,6045.48,79.08,434787.72000000003,10733.879999999997,63.196529627457764,1.6388888888888888,2.717135068724564,14.47,Large,-3993.7200000000003
9552,M S WALKER INC,21267,Latour 13 Cuvee Bourgog Blnc,10.66,15.99,750.0,585,6236.1,1392.0,22258.08,10073.7,155.13,166655.46,16021.980000000001,71.98275862068965,2.3794871794871795,3.5692307692307694,10.66,Large,-8602.62
10754,PERFECTA WINES,7278,Mapple Jack Liquer,27.68,35.99,750.0,225,6228.0,348.0,12434.52,10059.18,274.71000000000004,86161.56,6206.52,49.91362754653979,1.5466666666666666,1.9965510597302505,27.68,Medium,-3404.64
9165,ULTRA BEVERAGE COMPANY LLP,18267,Caprai Montefalco Passito 06,21.61,45.99,375.0,288,6223.679999999999,330.0,10556.699999999999,3167.0099999999998,18.75,204164.1,4333.0199999999995,41.045212992696584,1.1458333333333333,1.696215101033472,21.61,Medium,-907.62
9165,ULTRA BEVERAGE COMPANY LLP,2292,Glenrothes Single Malt Scot,29.99,43.99,750.0,207,6207.929999999999,270.0,12672.300000000001,10275.810000000001,213.03,204164.1,6464.370000000002,51.01181316730192,1.3043478260869565,2.041308455475497,29.99,Medium,-1889.37
480,BACARDI USA INC,4259,Castillo Spiced Rum,7.74,9.99,1750.0,801,6199.74,1029.0,11023.710000000001,2643.63,1890.6299999999999,267858.81,4823.970000000001,43.75995014382636,1.2846441947565543,1.7780923070967494,7.739999999999999,Large,-1764.72
9552,M S WALKER INC,27370,Sierra Cantabria Crianza,10.59,15.99,750.0,585,6195.15,546.0,9108.539999999999,4539.21,60.75,166655.46,2913.3899999999994,31.985257791040056,0.9333333333333333,1.470269485000363,10.59,Large,413.01
8112,MOET HENNESSY USA INC,2074,Ardbeg Auriverdes Scotch,68.69,99.99,750.0,90,6182.099999999999,126.0,11878.74,9089.039999999999,99.36,145041.78,5696.64,47.95660145773037,1.4,1.9214732857766779,68.69,Medium,-2472.84
4425,MARTIGNETTI COMPANIES,2929,Dark Corner Moonshine,19.54,25.99,750.0,315,6155.1,276.0,7173.24,4444.29,217.59,434787.72000000003,1018.1399999999994,14.193586161901727,0.8761904761904762,1.1654140468879466,19.540000000000003,Large,762.06
10754,PERFECTA WINES,44756,Duck Pond Syrah Columbia,11.03,17.99,750.0,558,6154.740000000001,369.0,8114.3099999999995,6728.94,40.74,86161.56,1959.5699999999988,24.14955800308343,0.6612903225806451,1.3183838797414673,11.030000000000001,Large,2084.67
9552,M S WALKER INC,21006,Ch Lassegue 05 GC St Emilion,62.08,94.99,750.0,99,6145.92,129.0,12499.71,4643.5199999999995,14.430000000000001,166655.46,6353.789999999999,50.83149929078354,1.303030303030303,2.0338224383005308,62.08,Medium,-1862.3999999999999
7749,R.P.IMPORTS INC,19062,Ch Olivier 10 Blanc Pessac-L,33.99,50.99,750.0,180,6118.2,219.0,11166.81,4436.13,24.51,274.5,5048.61,45.21085251741545,1.2166666666666666,1.8251789742081004,33.99,Medium,-1325.6100000000001
1587,VINEYARD BRANDS INC,21977,Massolino Barolo Margheria,45.2,65.99,750.0,135,6102.0,111.0,7324.889999999999,4553.3099999999995,12.360000000000001,18210.27,1222.8899999999994,16.694994737122325,0.8222222222222222,1.2004080629301868,45.2,Medium,1084.8000000000002
9552,M S WALKER INC,8550,S S Pierce Vodka,9.39,12.49,1750.0,648,6084.72,846.0,10566.539999999999,262.29,1554.51,166655.46,4481.819999999999,42.41520876275487,1.3055555555555556,1.7365696367293808,9.39,Large,-1859.22
7153,PINE STATE TRADING CO,23949,Ch Valfontaine 10,6.49,9.99,750.0,936,6074.64,882.0,8811.18,4345.650000000001,98.13,47654.46,2736.54,31.05758820044534,0.9423076923076923,1.450485954723243,6.49,Large,350.46000000000004
10754,PERFECTA WINES,25265,Brittan Vyds Chard Wlmete Vy,29.05,42.99,750.0,207,6013.35,273.0,11736.27,7738.200000000001,30.240000000000002,86161.56,5722.92,48.76268184014172,1.318840579710145,1.951702462022001,29.05,Medium,-1917.3
10754,PERFECTA WINES,24165,Enzo Boglietti Brl Case Nere,55.19,84.99,750.0,108,5960.5199999999995,75.0,6374.25,3824.5499999999997,8.34,86161.56,413.7300000000005,6.490645958348049,0.6944444444444444,1.0694117291779912,55.19,Medium,1821.27
1650,Circa Wines,22227,Gifft Red Blend,6.49,13.99,750.0,918,5957.82,678.0,9413.22,3057.78,75.87,635.91,3455.3999999999996,36.70794903338071,0.738562091503268,1.57997723999718,6.489999999999999,Large,1557.6000000000001
1485,CASTLE BRANDS CORP.,8100,Jefferson's Manhattan RTD,28.77,39.99,750.0,207,5955.39,441.0,17275.59,12446.85,347.73,25492.77,11320.2,65.52713973878751,2.130434782608696,2.900832691058016,28.770000000000003,Medium,-6732.18
4425,MARTIGNETTI COMPANIES,23110,Duckhorn Estates Merlot,109.67,169.99,1500.0,54,5922.18,54.0,9179.460000000001,6119.64,12.03,434787.72000000003,3257.2800000000007,35.48444026119184,1.0,1.550013677395824,109.67,Small,0.0
9552,M S WALKER INC,46590,Merieau 13 Bois Jacou Gamay,8.38,12.99,750.0,702,5882.76,582.0,7560.18,4871.25,64.53,166655.46,1677.42,22.187566962691367,0.8290598290598291,1.2851416681965608,8.38,Large,1005.6000000000001
4425,MARTIGNETTI COMPANIES,21711,Shardana Valli Di Porto Pino,16.66,24.99,750.0,351,5847.66,279.0,6972.21,3523.5899999999997,31.02,434787.72000000003,1124.5500000000002,16.12903225806452,0.7948717948717948,1.1923076923076923,16.66,Large,1199.52
12546,JIM BEAM BRANDS COMPANY,2339,Alberta Rye Dark Batch,15.82,25.99,750.0,369,5837.58,801.0,17613.989999999998,13259.97,631.62,371642.91,11776.409999999998,66.8582757228771,2.1707317073170733,3.0173445160494587,15.82,Large,-6834.24
11567,CAMPARI AMERICA,8228,Wild Turkey Diamond Annivsry,107.99,134.99,750.0,54,5831.460000000001,123.0,16603.77,13768.980000000001,97.08,62894.43,10772.31,64.8786992351737,2.2777777777777777,2.8472749534421906,107.99000000000002,Small,-7451.3099999999995
4425,MARTIGNETTI COMPANIES,2855,Master's London Dry Gin,21.58,32.99,750.0,270,5826.599999999999,453.0,13585.47,9896.699999999999,357.48,434787.72000000003,7758.87,57.1115316584557,1.6777777777777778,2.3316290804242614,21.58,Medium,-3949.14
388,ATLANTIC IMPORTING COMPANY,7241,Glendalough Poitin Shry Cask,20.68,34.99,750.0,279,5769.72,369.0,11366.31,8967.029999999999,40.77,635.22,5596.589999999999,49.23840718755691,1.3225806451612903,1.9699933445643807,20.68,Medium,-1861.2
8112,MOET HENNESSY USA INC,5760,Grand Marnier Rasp-Peach,1.51,1.99,50.0,3807,5748.57,4305.0,8566.95,2847.69,222.87,145041.78,2818.380000000001,32.89828935618862,1.1308116627265563,1.4902749727323492,1.51,Large,-751.98
3664,WILLIAM GRANT & SONS INC,2801,Tullamore Dew 10 Yr Old,27.68,39.99,750.0,207,5729.76,318.0,12416.82,9699.51,250.74,90703.26,6687.0599999999995,53.85485172532098,1.536231884057971,2.1670750607355282,27.68,Medium,-3072.48
4425,MARTIGNETTI COMPANIES,11437,Schug Svgn Bl Sonoma Vly,10.73,15.99,750.0,531,5697.63,1620.0,25903.8,17940.78,179.28,434787.72000000003,20206.17,78.00465568758251,3.0508474576271185,4.546416667983003,10.73,Large,-11684.970000000001
1392,CONSTELLATION BRANDS INC,3138,Svedka 100 Vodka,9.29,13.99,750.0,612,5685.4800000000005,999.0,11978.01,7517.7300000000005,787.14,238586.97,6292.53,52.53401858906446,1.6323529411764706,2.1067719875894384,9.290000000000001,Large,-3595.2299999999996
10754,PERFECTA WINES,5959,Lucano Amaro,11.9,21.99,750.0,477,5676.3,438.0,6565.62,3507.66,345.12,86161.56,889.3199999999997,13.545103128112801,0.9182389937106918,1.1566724803128798,11.9,Large,464.1
9552,M S WALKER INC,22968,Klinker Brick Marisa Znfdl,23.33,34.99,750.0,243,5669.19,195.0,6823.05,3254.07,21.75,166655.46,1153.8600000000006,16.911205399344876,0.8024691358024691,1.2035317214628547,23.33,Medium,1119.84
90047,CRUSH WINES,15508,Mollydooker Enchanted Path,48.36,79.99,750.0,117,5658.120000000001,87.0,6959.129999999999,5759.28,9.63,4373.19,1301.0099999999984,18.695009289954324,0.7435897435897436,1.2299367987953593,48.36000000000001,Medium,1450.8
10754,PERFECTA WINES,23391,Trombetta Family Pnt Nr Gaps,48.27,69.99,750.0,117,5647.59,171.0,11968.289999999999,9028.71,18.93,86161.56,6320.699999999999,52.81205585760371,1.4615384615384615,2.1191853516278623,48.27,Medium,-2606.5800000000004
4425,MARTIGNETTI COMPANIES,24963,Ch Messile Aubert Montgne St,15.17,21.99,750.0,369,5597.73,582.0,12798.179999999998,7388.639999999999,64.62,434787.72000000003,7200.449999999999,56.26151530920802,1.5772357723577235,2.286316060260141,15.169999999999998,Large,-3231.21
4425,MARTIGNETTI COMPANIES,25339,Le Haut Medoc de Lascombes,23.02,34.99,750.0,243,5593.86,453.0,15850.470000000001,8922.45,50.31,434787.72000000003,10256.61,64.70855438356087,1.8641975308641976,2.8335478542544865,23.02,Medium,-4834.2
7153,PINE STATE TRADING CO,23951,Ch Moulin de Pillardot 10,7.28,10.99,750.0,765,5569.2,855.0,9396.45,3099.18,95.58,47654.46,3827.250000000001,40.730807911498495,1.1176470588235294,1.687217194570136,7.279999999999999,Large,-655.2
2000,SOUTHERN WINE & SPIRITS NE,1248,Tullibardine Sauterne Finish,47.44,64.99,750.0,117,5550.48,129.0,8383.71,6239.039999999999,101.82000000000001,57049.77,2833.2299999999996,33.794465695974694,1.1025641025641026,1.5104477450598868,47.44,Medium,-569.28
9165,ULTRA BEVERAGE COMPANY LLP,4748,Patron XO Cafe Incendio,16.66,23.99,750.0,333,5547.78,636.0,13349.64,9256.59,501.42,204164.1,7801.86,58.44247485325447,1.90990990990991,2.4063030617652466,16.66,Large,-5047.9800000000005
10754,PERFECTA WINES,42423,Firesteed Willamette Pnt Nr,16.55,24.99,750.0,333,5511.15,336.0,10220.64,6036.99,37.29,86161.56,4709.49,46.07822993472033,1.009009009009009,1.8545385264418497,16.549999999999997,Large,-49.650000000000006
3252,E & J GALLO WINERY,22398,Allegrini Sondraia,34.01,49.99,750.0,162,5509.62,189.0,9403.11,6553.68,20.91,185900.73,3893.4900000000007,41.40640702916376,1.1666666666666667,1.7066712404848248,34.01,Medium,-918.27
4425,MARTIGNETTI COMPANIES,24424,Adaption by Odette Chard,21.05,31.99,750.0,261,5494.05,309.0,9884.91,5854.17,34.29,434787.72000000003,4390.86,44.41982779812866,1.1839080459770115,1.799202773909957,21.05,Medium,-1010.4000000000001
4425,MARTIGNETTI COMPANIES,35266,Vieux Telegraphe Pigeoulet,13.51,19.99,750.0,405,5471.55,420.0,8395.8,4917.54,46.68,434787.72000000003,2924.249999999999,34.82991495747873,1.037037037037037,1.5344463634619072,13.51,Large,-202.65
4425,MARTIGNETTI COMPANIES,34022,Marcel Lapierre Morgon,16.77,25.99,750.0,324,5433.48,282.0,7329.179999999999,2884.89,31.470000000000002,434787.72000000003,1895.6999999999998,25.865103599584128,0.8703703703703703,1.3488924225358334,16.77,Large,704.34
10754,PERFECTA WINES,21831,Buoncristiani Family Chard,23.22,49.99,750.0,234,5433.48,153.0,5506.47,2699.25,17.01,86161.56,72.99000000000069,1.3255316019155772,0.6538461538461539,1.0134333797124495,23.22,Medium,1880.82
2000,SOUTHERN WINE & SPIRITS NE,23497,Ch Gruaud Larose 11 St Julin,54.79,79.99,750.0,99,5424.21,102.0,8158.98,4319.46,11.370000000000001,57049.77,2734.7699999999995,33.51852805130053,1.0303030303030303,1.5041784886647087,54.79,Medium,-164.37
9165,ULTRA BEVERAGE COMPANY LLP,20426,Fattoria Illario Rose,9.86,14.99,750.0,549,5413.139999999999,456.0,6841.44,3603.6,50.79,204164.1,1428.3000000000002,20.87718375078931,0.8306010928961749,1.2638579456655472,9.86,Large,916.9799999999999
4425,MARTIGNETTI COMPANIES,43134,Two Hands Bella Gardn Shiraz,46.05,69.99,750.0,117,5387.85,216.0,15117.839999999998,9658.619999999999,23.88,434787.72000000003,9729.989999999998,64.36098014001999,1.8461538461538463,2.8059133049361056,46.050000000000004,Medium,-4558.95
2000,SOUTHERN WINE & SPIRITS NE,23323,Alter Ego de Palmer Mrgx 11,54.24,82.99,750.0,99,5369.76,81.0,6722.19,1493.82,9.09,57049.77,1352.4299999999994,20.118889826083457,0.8181818181818182,1.251860418342719,54.24,Medium,976.32
4425,MARTIGNETTI COMPANIES,25017,Ch Tertre de Viaud C d Bourg,8.16,11.99,750.0,657,5361.12,711.0,8524.89,4640.13,78.93,434787.72000000003,3163.7699999999995,37.11215042070924,1.082191780821918,1.5901322857910287,8.16,Large,-440.64
9165,ULTRA BEVERAGE COMPANY LLP,25187,Ch Bruni Brdx Superieur,7.53,12.99,750.0,711,5353.83,1443.0,16386.57,10220.880000000001,159.87,204164.1,11032.74,67.32793989224103,2.029535864978903,3.0607191487215695,7.53,Large,-5511.96
9552,M S WALKER INC,19566,Contratto 08 Milesimato Brut,14.14,29.99,750.0,378,5344.92,414.0,8896.859999999999,4964.19,46.02,166655.46,3551.9399999999987,39.92352358022942,1.0952380952380953,1.6645450259311643,14.14,Large,-509.04
7239,REMY COINTREAU USA INC,1874,Bruichladdich Octomore 61,84.61,109.99,750.0,63,5330.43,207.0,22767.93,19468.23,163.29,50936.01,17437.5,76.58799021254896,3.2857142857142856,4.271312070508383,84.61,Small,-12183.84
4425,MARTIGNETTI COMPANIES,1267,Fitch's Goat 100% Corn Whsky,21.89,29.99,750.0,243,5319.27,216.0,6477.84,4228.59,170.4,434787.72000000003,1158.5699999999997,17.88512837612537,0.8888888888888888,1.2178062027308258,21.89,Medium,591.03
9552,M S WALKER INC,20770,Chehalem Pnt Nr Three Vyd,14.33,29.99,750.0,369,5287.77,456.0,9799.439999999999,5737.83,50.64,166655.46,4511.669999999998,46.04007984129704,1.2357723577235773,1.8532273529294954,14.330000000000002,Large,-1246.71
90047,CRUSH WINES,22168,Tangent Pnt Gris,7.43,10.99,750.0,711,5282.73,690.0,7583.1,3198.09,76.92,4373.19,2300.370000000001,30.335482850021766,0.9704641350210971,1.4354509884094022,7.43,Large,156.03
7239,REMY COINTREAU USA INC,4574,Remy Martin VS Cognac,25.19,31.99,750.0,207,5214.33,228.0,7293.72,3646.8599999999997,179.76,50936.01,2079.3900000000003,28.50932034681891,1.1014492753623188,1.3987837363573077,25.19,Medium,-528.99
10754,PERFECTA WINES,5126,Marzadro Le Diciotto Lune,41.35,54.99,750.0,126,5210.1,228.0,12537.720000000001,10063.17,179.91,86161.56,7327.620000000001,58.44459758233555,1.8095238095238095,2.4064259803074797,41.35,Medium,-4217.7
9165,ULTRA BEVERAGE COMPANY LLP,25789,Ch Pitot Brdx,6.89,11.99,750.0,756,5208.84,1575.0,15872.25,11202.9,174.12,204164.1,10663.41,67.18272456646032,2.0833333333333335,3.0471755707604764,6.890000000000001,Large,-5642.91
8673,STE MICHELLE WINE ESTATES,21385,Ch Ste Michelle Cold Crk Cha,11.99,17.99,750.0,432,5179.68,270.0,5298.299999999999,3208.3799999999997,29.94,47759.1,118.61999999999898,2.23883132325461,0.625,1.0229010286349733,11.99,Large,1942.38
10754,PERFECTA WINES,23902,Dom St Andrieu Rose CdP,10.52,15.99,750.0,486,5112.72,507.0,8106.93,4844.97,56.31,86161.56,2994.21,36.93395650388001,1.0432098765432098,1.5856393465709056,10.520000000000001,Large,-220.92
2000,SOUTHERN WINE & SPIRITS NE,23337,Ch Pichon Longevile 11 Comts,94.59,139.99,750.0,54,5107.860000000001,90.0,12599.1,5459.610000000001,10.02,57049.77,7491.24,59.45853275233945,1.6666666666666667,2.466610282975649,94.59000000000002,Small,-3405.2400000000002
4425,MARTIGNETTI COMPANIES,24975,Tenshen White,11.76,17.99,750.0,432,5080.32,768.0,13816.32,7124.039999999999,85.56,434787.72000000003,8736.0,63.22957198443579,1.7777777777777777,2.7195767195767195,11.76,Large,-3951.36
4425,MARTIGNETTI COMPANIES,2743,Linkwood 15 Yr Old Sngl Malt,62.49,79.99,750.0,81,5061.69,177.0,14158.23,10078.74,139.65,434787.72000000003,9096.54,64.24913283651983,2.185185185185185,2.7971349489992474,62.489999999999995,Medium,-5999.04
1590,DIAGEO CHATEAU ESTATE WINES,10242,Rosenblum RSV Znfdl Monte Rs,15.17,21.99,750.0,333,5051.61,1020.0,22429.8,8510.13,113.82000000000001,21779.25,17378.19,77.47813177112592,3.063063063063063,4.440128988579879,15.169999999999998,Large,-10421.789999999999
4425,MARTIGNETTI COMPANIES,16991,Ch Bellevue St-Emil 09 Gr Cr,46.66,97.99,750.0,108,5039.28,78.0,5459.219999999999,2099.7,8.700000000000001,434787.72000000003,419.9399999999996,7.692307692307685,0.7222222222222222,1.0833333333333333,46.66,Medium,1399.8
9552,M S WALKER INC,22935,Adelsheim Bryan Creek Pnt Nr,46.66,69.99,750.0,108,5039.28,105.0,7348.95,3989.43,11.64,166655.46,2309.67,31.428571428571427,0.9722222222222222,1.4583333333333335,46.66,Medium,139.98
10754,PERFECTA WINES,24495,Ch Giscours Margaux 06,23.33,34.99,375.0,216,5039.28,165.0,5773.35,3149.1000000000004,9.48,86161.56,734.0700000000006,12.714801631635023,0.7638888888888888,1.1456696194694482,23.33,Medium,1189.83
9552,M S WALKER INC,24205,Raeburn Chard RRV,6.81,18.99,750.0,738,5025.78,2193.0,23922.57,6433.4400000000005,245.61,166655.46,18896.79,78.99147123406892,2.9715447154471546,4.759971586500006,6.81,Large,-9908.55
2000,SOUTHERN WINE & SPIRITS NE,23287,Ch Lynch Bages Paulliac 11,92.71,139.99,750.0,54,5006.34,210.0,29397.9,5039.64,23.610000000000003,57049.77,24391.56,82.97041625422224,3.888888888888889,5.872134133918192,92.71000000000001,Small,-14462.759999999998
9552,M S WALKER INC,19189,Castello di Meleto Chianti,9.93,14.99,750.0,504,5004.72,516.0,8928.84,5133.0,57.21,166655.46,3924.12,43.948822019433656,1.0238095238095237,1.7840838248693234,9.93,Large,-119.16
1703,ALISA CARR BEVERAGES,90088,Ch Le Petite Mouton 12 Pauil,92.46,134.99,750.0,54,4992.84,78.0,10529.220000000001,7694.43,8.67,516.0,5536.380000000001,52.58110287371714,1.4444444444444444,2.108863893094912,92.46000000000001,Small,-2219.04
4425,MARTIGNETTI COMPANIES,19865,Clarendelle Brdx Rouge,13.01,18.99,750.0,378,4917.78,777.0,14755.23,8203.679999999998,86.43,434787.72000000003,9837.45,66.6709363391828,2.0555555555555554,3.0003843197540356,13.01,Large,-5190.99
7153,PINE STATE TRADING CO,2089,Bloom Gin,16.53,24.99,750.0,297,4909.410000000001,516.0,11346.839999999998,7850.429999999999,406.89,47654.46,6437.429999999998,56.733240267774974,1.7373737373737375,2.311243102531668,16.53,Large,-3620.07
9552,M S WALKER INC,10938,Grahams 40-Yr Tawny Port,90.9,139.99,750.0,54,4908.6,36.0,5039.64,3359.76,3.96,166655.46,131.03999999999996,2.6001857275519673,0.6666666666666666,1.0266960029336267,90.9,Small,1636.2
2000,SOUTHERN WINE & SPIRITS NE,23278,Turnbull Cab Svgn 11,33.33,54.99,750.0,144,4799.5199999999995,111.0,5947.89,3677.31,12.3,57049.77,1148.3700000000008,19.307182883341838,0.7708333333333334,1.239267676767677,33.33,Medium,1099.8899999999999
9552,M S WALKER INC,24454,Convento Las Claras 12 Tinto,14.28,22.99,750.0,333,4755.24,555.0,12195.449999999999,7109.73,61.5,166655.46,7440.209999999999,61.00808088262426,1.6666666666666667,2.564633961692785,14.28,Large,-3170.16
3924,HEAVEN HILL DISTILLERIES,1029,Fulton's Harvest Apple Pie L,5.26,6.99,750.0,900,4734.0,855.0,7452.45,4015.35,673.74,42209.61,2718.45,36.477265865587825,0.95,1.5742395437262358,5.26,Large,236.7
10754,PERFECTA WINES,20521,Croix de Beaucaillou St Juln,30.91,64.99,750.0,153,4729.2300000000005,120.0,5638.8,2396.4900000000002,13.350000000000001,86161.56,909.5699999999997,16.130559693551813,0.7843137254901961,1.192329406689884,30.910000000000004,Medium,1020.03
90024,VINILANDIA USA,17026,Pares Balta Brut Cava Pendes,10.06,16.99,750.0,468,4708.08,489.0,8212.109999999999,4584.2699999999995,54.36,8407.92,3504.029999999999,42.669058256647794,1.044871794871795,1.7442588061375335,10.06,Large,-211.26000000000002
4692,KOBRAND CORPORATION,25070,Jadot Savigny les Beaune 13,23.64,34.99,750.0,198,4680.72,186.0,6508.14,3359.04,20.76,27418.14,1827.42,28.078990310595653,0.9393939393939394,1.3904142952366303,23.64,Medium,283.68
516,BANFI PRODUCTS CORP,22841,Banfi Poggio Alle Mura Rsva,64.93,99.99,750.0,72,4674.96,54.0,5630.46,3725.64,6.0,25531.23,955.5,16.970194264767,0.75,1.2043867755018225,64.93,Small,1168.7400000000002
7239,REMY COINTREAU USA INC,4698,Metaxa 5 Star,10.38,21.99,750.0,450,4671.0,333.0,5606.67,2656.38,37.08,50936.01,935.6700000000001,16.688515642975243,0.74,1.2003147077713552,10.38,Large,1214.46
4425,MARTIGNETTI COMPANIES,13941,Dom du Grand Tinel Ch d Pape,30.4,44.99,750.0,153,4651.2,216.0,9717.84,7018.4400000000005,23.94,434787.72000000003,5066.64,52.13751203971253,1.411764705882353,2.0893188854489164,30.4,Medium,-1915.1999999999998
9552,M S WALKER INC,24124,Tarima 14 Blanco Alicante,6.07,8.99,750.0,765,4643.55,642.0,6383.58,3536.34,71.34,166655.46,1740.0299999999997,27.257902305602812,0.8392156862745098,1.3747197725877829,6.07,Large,746.61
9552,M S WALKER INC,23394,Couleurs Du Sud Viognier,6.75,9.99,750.0,684,4617.0,765.0,7642.35,3146.85,85.23,166655.46,3025.3500000000004,39.58664546899841,1.118421052631579,1.655263157894737,6.75,Large,-546.75
4425,MARTIGNETTI COMPANIES,34525,Neyers Merlot Napa,16.54,31.99,750.0,279,4614.66,948.0,24632.52,14964.24,105.18,434787.72000000003,20017.86,81.2659849662154,3.3978494623655915,5.337884047795504,16.54,Medium,-11065.26
9552,M S WALKER INC,4902,Ron Virgin Bold Coconut Rum,8.65,10.99,750.0,531,4593.15,534.0,5868.66,3527.79,421.08,166655.46,1275.5100000000002,21.73426301745203,1.0056497175141244,1.277698311616211,8.649999999999999,Large,-25.950000000000003
9552,M S WALKER INC,22475,MSH Cellars Svgn Bl Napa Vly,8.21,11.99,750.0,558,4581.18,480.0,5755.2,2086.26,53.64,166655.46,1174.0199999999995,20.39929107589657,0.8602150537634409,1.2562702185899701,8.21,Large,640.3800000000001
4425,MARTIGNETTI COMPANIES,36088,Dom Poujol Rose Coteaux du,11.56,16.99,750.0,396,4577.76,255.0,4842.45,1936.9799999999998,28.44,434787.72000000003,264.6899999999996,5.466034755134273,0.6439393939393939,1.057820855614973,11.56,Large,1629.96
9165,ULTRA BEVERAGE COMPANY LLP,2369,Amrut Fusion Single Malt,50.38,64.99,750.0,90,4534.2,243.0,16152.57,11578.259999999998,191.58,204164.1,11618.369999999999,71.92892524223699,2.7,3.5623858674077016,50.379999999999995,Medium,-7708.14
4425,MARTIGNETTI COMPANIES,21284,Elk Cove Pinot Bl,11.99,17.99,750.0,378,4532.22,393.0,7070.07,5235.089999999999,43.53,434787.72000000003,2537.8499999999995,35.895684201146516,1.0396825396825398,1.5599573718839772,11.99,Large,-179.85
6359,OLE SMOKY DISTILLERY LLC,1328,Ole Smoky Peach Moonshine,12.49,19.99,750.0,360,4496.4,456.0,7291.44,3453.84,359.37,5766.0,2795.04,38.33316875678878,1.2666666666666666,1.6216172938350681,12.489999999999998,Large,-1199.04
12546,JIM BEAM BRANDS COMPANY,3125,Pinnacle Strawbery Shortcake,7.03,9.99,750.0,639,4492.17,1038.0,9867.12,6933.21,818.49,371642.91,5374.950000000001,54.47334176537835,1.624413145539906,2.1965152699029646,7.03,Large,-2804.9700000000003
9552,M S WALKER INC,23397,Secoli 13 Prosecco Valdobbia,8.05,11.99,750.0,558,4491.900000000001,864.0,10359.36,3309.2400000000002,96.66,166655.46,5867.46,56.63921323324993,1.5483870967741935,2.3062312161891403,8.05,Large,-2463.3
10754,PERFECTA WINES,10766,Moillard Ch d'Eau VDP Rose,9.58,15.99,750.0,468,4483.44,420.0,6691.8,3100.05,46.77,86161.56,2208.3600000000006,33.00098628171793,0.8974358974358975,1.4925592848348592,9.579999999999998,Large,459.84000000000003
9165,ULTRA BEVERAGE COMPANY LLP,19834,Sauska Tokaji Aszu,49.65,72.99,500.0,90,4468.5,75.0,5474.25,3941.4599999999996,5.82,204164.1,1005.75,18.372379778051787,0.8333333333333334,1.2250755287009063,49.65,Medium,744.75
9552,M S WALKER INC,18199,Valandraud 09 St Emilion Cru,41.37,64.99,750.0,108,4467.96,123.0,7378.77,4319.28,13.620000000000001,166655.46,2910.8100000000004,39.44844465947577,1.1388888888888888,1.6514852415867645,41.37,Medium,-620.55
4425,MARTIGNETTI COMPANIES,16690,Fayolle Fils et Fille Hermit,41.33,69.99,750.0,108,4463.639999999999,84.0,5207.16,2417.61,9.360000000000001,434787.72000000003,743.5200000000004,14.278800728228063,0.7777777777777778,1.1665725730569672,41.32999999999999,Medium,991.92
12546,JIM BEAM BRANDS COMPANY,8565,Skinnygirl Sprklng Margarita,7.87,9.99,750.0,567,4462.29,765.0,9907.35,5386.83,603.06,371642.91,5445.06,54.95980257081864,1.3492063492063493,2.220238935613777,7.87,Large,-1558.26
4692,KOBRAND CORPORATION,24732,Masi Serego Alighieri Vaio A,41.17,62.99,750.0,108,4446.360000000001,84.0,5291.16,2834.55,9.36,27418.14,844.7999999999993,15.966253146757975,0.7777777777777778,1.1899981108142388,41.17000000000001,Medium,988.08
9552,M S WALKER INC,24574,Galerie Pleinair Cab Svgn NV,32.89,49.99,750.0,135,4440.15,141.0,7048.59,4949.01,15.63,166655.46,2608.4400000000005,37.00655024621946,1.0444444444444445,1.5874666396405528,32.89,Medium,-197.34
10050,Russian Standard Vodka,8402,Spud Pumpkin Spice Vodka,14.92,19.99,750.0,297,4431.24,441.0,11020.59,7496.999999999999,347.73,2197.7999999999997,6589.35,59.791263444153174,1.4848484848484849,2.487021691445284,14.92,Large,-2148.48
4425,MARTIGNETTI COMPANIES,25139,Chigard Fleurie Les Moriers,13.6,19.99,750.0,324,4406.4,513.0,10254.869999999999,6716.639999999999,56.79,434787.72000000003,5848.469999999999,57.03114715252363,1.5833333333333333,2.327267156862745,13.6,Large,-2570.4
10754,PERFECTA WINES,21645,Foxen Chard Block UU,18.82,39.99,750.0,234,4403.88,171.0,4957.29,2609.1,19.02,86161.56,553.4099999999999,11.163559122020295,0.7307692307692307,1.125664187035069,18.82,Medium,1185.66
4425,MARTIGNETTI COMPANIES,25338,Ch Chantelune Margaux,32.46,49.99,750.0,135,4382.099999999999,252.0,12597.48,5698.860000000001,28.14,434787.72000000003,8215.380000000001,65.21447146572173,1.8666666666666667,2.874758677346478,32.459999999999994,Medium,-3797.82
9165,ULTRA BEVERAGE COMPANY LLP,15605,La Mondotte 08 St Emilion,161.64,249.99,750.0,27,4364.28,24.0,5663.76,4247.82,2.67,204164.1,1299.4800000000005,22.94376880376288,0.8888888888888888,1.2977535813467516,161.64,Small,484.91999999999996
3664,WILLIAM GRANT & SONS INC,2837,Girvan Patent Still #4 Apps,34.07,45.99,750.0,126,4292.82,219.0,10071.810000000001,7864.29,172.8,90703.26,5778.990000000002,57.377869518984184,1.7380952380952381,2.3461990020545938,34.07,Medium,-3168.51
12546,JIM BEAM BRANDS COMPANY,3572,Pinnacle Habanero Vodka,7.68,10.99,750.0,558,4285.44,567.0,5664.33,2637.36,446.73,371642.91,1378.8900000000003,24.343391010057683,1.0161290322580645,1.3217615927419355,7.68,Large,-69.12
4692,KOBRAND CORPORATION,25090,Jadot Ch des Jacques Fleurie,14.86,21.99,750.0,288,4279.68,294.0,6465.0599999999995,3166.56,32.730000000000004,27418.14,2185.379999999999,33.80293454353091,1.0208333333333333,1.5106409825033644,14.860000000000001,Medium,-89.16
516,BANFI PRODUCTS CORP,24715,Banfi Summus Tuscany Red,39.47,63.99,750.0,108,4262.76,144.0,8707.56,4733.22,16.02,25531.23,4444.799999999999,51.04529856814079,1.3333333333333333,2.042704726515215,39.47,Medium,-1420.92
10754,PERFECTA WINES,38242,Hendry Ranch Barrel Chard,19.72,30.99,750.0,216,4259.5199999999995,189.0,5932.11,2198.31,21.060000000000002,86161.56,1672.5900000000001,28.195532449667997,0.875,1.3926710051836828,19.72,Medium,532.4399999999999
9744,FREDERICK WILDMAN & SONS,24392,Ch Fuisse Pouilly Fuisse Tet,24.82,35.99,750.0,171,4244.219999999999,501.0,18030.99,8745.57,55.71,11999.79,13786.770000000002,76.4615254070908,2.9298245614035086,4.248363656926362,24.819999999999997,Medium,-8190.6
4692,KOBRAND CORPORATION,20422,M Chiarlo Barberesco Anni 09,18.06,27.99,750.0,234,4226.04,1365.0,38206.35,24015.42,151.35,27418.14,33980.31,88.93890675241157,5.833333333333333,9.040697674418604,18.06,Medium,-20425.859999999997
9165,ULTRA BEVERAGE COMPANY LLP,18265,Gianni Gagliardo Barolo S 07,46.61,68.99,750.0,90,4194.900000000001,63.0,4742.37,2954.6099999999997,6.96,204164.1,547.4699999999993,11.544227886056959,0.7,1.130508474576271,46.61000000000001,Medium,1258.47
10754,PERFECTA WINES,23763,Ch Marquis de Terme 12 Mrgx,35.8,52.99,750.0,117,4188.6,189.0,10015.11,7630.56,20.85,86161.56,5826.51,58.17719425947393,1.6153846153846154,2.3910399656209713,35.800000000000004,Medium,-2577.6
1485,CASTLE BRANDS CORP.,4052,Goslings Family Rsv Rum,46.42,64.99,750.0,90,4177.8,69.0,4484.3099999999995,2534.6099999999997,54.36,25492.77,306.5099999999993,6.835165276263224,0.7666666666666667,1.073366365072526,46.42,Medium,974.82
2000,SOUTHERN WINE & SPIRITS NE,1253,Tullibardine Burgundy Finish,51.17,64.99,750.0,81,4144.7699999999995,141.0,9163.59,7603.829999999999,111.27,57049.77,5018.820000000001,54.76914615341805,1.7407407407407407,2.210880217720163,51.169999999999995,Medium,-3070.2000000000003
2000,SOUTHERN WINE & SPIRITS NE,24322,Ch Phelan Segur St-Estphe 12,32.89,49.99,750.0,126,4144.14,339.0,16946.61,8998.2,37.77,57049.77,12802.470000000001,75.54590564130525,2.6904761904761907,4.089294763207807,32.89,Medium,-7005.57
9552,M S WALKER INC,11529,Benvolio Pnt Grigio Friuli,3.76,9.99,750.0,1098,4128.4800000000005,2205.0,12918.15,3503.97,247.02,166655.46,8789.669999999998,68.04124429581634,2.0081967213114753,3.1290329612835714,3.7600000000000002,Large,-4162.32
9552,M S WALKER INC,24305,Marquis d Gelida Brut Rsv,11.18,18.99,750.0,369,4125.42,501.0,8709.99,4056.6899999999996,55.83,166655.46,4584.57,52.63576651637947,1.3577235772357723,2.111297758773652,11.18,Large,-1475.76
4425,MARTIGNETTI COMPANIES,24432,Tintero Langhe Arneis,5.95,8.99,750.0,693,4123.35,669.0,6014.31,2454.27,74.52,434787.72000000003,1890.96,31.441013183557214,0.9653679653679653,1.4585979846484047,5.95,Large,142.8
2000,SOUTHERN WINE & SPIRITS NE,19684,Ch Magdelaine 10 St Emilion,75.86,109.99,750.0,54,4096.4400000000005,102.0,11218.98,6599.4,11.31,57049.77,7122.539999999999,63.48652016493478,1.8888888888888888,2.7387145912060222,75.86000000000001,Small,-3641.2799999999997
2000,SOUTHERN WINE & SPIRITS NE,20055,Ch Haut Bailey 10 Brdx,151.72,219.99,750.0,27,4096.4400000000005,27.0,5939.7300000000005,2639.88,3.0300000000000002,57049.77,1843.29,31.033228783126503,1.0,1.4499736356446085,151.72000000000003,Small,0.0
4692,KOBRAND CORPORATION,24727,Nardi Brunllo d Montlcino 10,34.86,52.99,750.0,117,4078.62,150.0,7948.5,3815.28,16.77,27418.14,3869.88,48.686922060766186,1.2820512820512822,1.9488209247245392,34.86,Medium,-1150.3799999999999
653,STATE WINE & SPIRITS,14013,Joseph Mellot Sancerre White,16.77,24.99,750.0,243,4075.1099999999997,204.0,5097.96,2099.16,22.740000000000002,24044.94,1022.8500000000004,20.063907916107627,0.8395061728395061,1.2509993595264914,16.77,Medium,654.03
9165,ULTRA BEVERAGE COMPANY LLP,8767,Metcalfe's Raspberry Liqueur,19.68,29.99,750.0,207,4073.7599999999998,339.0,10166.61,5488.17,267.21,204164.1,6092.85,59.930006167247484,1.6376811594202898,2.495633026982444,19.68,Medium,-2597.7599999999998
9552,M S WALKER INC,25181,Grahams 2000 Vintage Port,64.42,95.99,750.0,63,4058.46,228.0,21885.719999999998,18430.079999999998,25.14,166655.46,17827.26,81.45612755714686,3.619047619047619,5.392616903948788,64.42,Small,-10629.300000000001
9165,ULTRA BEVERAGE COMPANY LLP,2242,Cles des Ducs Armagnac VSOP,16.05,30.99,750.0,252,4044.6,504.0,11082.96,7124.759999999999,397.08,204164.1,7038.359999999999,63.50613915416098,2.0,2.7401869158878505,16.05,Medium,-4044.6000000000004
7153,PINE STATE TRADING CO,23946,Ch La Cardone Medoc 09,13.6,19.99,750.0,297,4039.2,429.0,8575.71,6176.91,47.43,47654.46,4536.509999999999,52.89952668642013,1.4444444444444444,2.1231209150326795,13.6,Large,-1795.2
90047,CRUSH WINES,17194,Uvaggio Primitivo Lodi,8.27,11.99,750.0,486,4019.2200000000003,705.0,8452.95,2481.93,78.87,4373.19,4433.7300000000005,52.451865916632656,1.4506172839506173,2.1031319509755626,8.270000000000001,Large,-1811.1299999999999
1392,CONSTELLATION BRANDS INC,24587,Woodbridge Harvest Spice Red,4.51,6.99,750.0,891,4018.41,1863.0,10766.37,4088.4,208.35,238586.97,6747.960000000001,62.676278077012036,2.090909090909091,2.6792612003255023,4.51,Large,-4383.719999999999
4425,MARTIGNETTI COMPANIES,23193,Martinelli Vellu Ranch Znfdl,36.98,53.99,750.0,108,3993.84,138.0,7450.62,5021.070000000001,15.27,434787.72000000003,3456.7799999999997,46.3958704107846,1.2777777777777777,1.8655279129859983,36.980000000000004,Medium,-1109.3999999999999
3252,E & J GALLO WINERY,24997,W Hill Merlot Napa,16.43,23.99,750.0,243,3992.4900000000002,327.0,9479.73,4522.44,36.45,185900.73,5487.24,57.88392707387236,1.345679012345679,2.374390418009813,16.43,Medium,-1380.12
9165,ULTRA BEVERAGE COMPANY LLP,21179,Amapola Creek 09 Cab Svgn,40.26,59.99,750.0,99,3985.7400000000002,132.0,7522.68,5447.04,14.64,204164.1,3536.94,47.01702052991753,1.3333333333333333,1.887398575923166,40.260000000000005,Medium,-1328.58
6785,PALM BAY INTERNATIONAL INC,18433,Bertani Amarone 04,62.91,94.99,750.0,63,3963.33,189.0,17953.11,13963.529999999999,20.79,40816.23,13989.78,77.9239919991578,3.0,4.529804482594183,62.91,Small,-7926.66
2000,SOUTHERN WINE & SPIRITS NE,19822,Ch LaGrange 10 Brdx,72.6,105.99,750.0,54,3920.4,156.0,16534.44,9857.07,17.31,57049.77,12614.039999999999,76.28949030024603,2.888888888888889,4.217539026629935,72.60000000000001,Small,-7405.2
9165,ULTRA BEVERAGE COMPANY LLP,1790,Morrigan Irish Whiskey,15.5,27.99,750.0,252,3906.0,237.0,4905.63,2902.62,186.72,204164.1,999.6300000000001,20.377199258810798,0.9404761904761905,1.2559216589861752,15.5,Medium,232.5
10754,PERFECTA WINES,20507,Ch la Pointe Pomerol,20.64,31.99,750.0,189,3900.96,240.0,7677.599999999999,4798.5,26.64,86161.56,3776.6399999999994,49.19037199124726,1.2698412698412698,1.9681309216192935,20.64,Medium,-1052.64
3252,E & J GALLO WINERY,2101,New Amsterdam Gin,4.37,5.99,375.0,891,3893.67,1596.0,9560.04,6666.87,625.14,185900.73,5666.370000000001,59.27140472215597,1.7912457912457913,2.455277411799151,4.37,Large,-3080.85
2000,SOUTHERN WINE & SPIRITS NE,19231,Tasca D'Almerita Rosso 06,23.97,55.99,750.0,162,3883.14,177.0,6445.2300000000005,3757.98,19.650000000000002,57049.77,2562.0900000000006,39.751723367513655,1.0925925925925926,1.6597985135740665,23.97,Medium,-359.54999999999995
1587,VINEYARD BRANDS INC,19951,Warre's Vintage Port 2000,42.85,65.99,750.0,90,3856.5,81.0,5345.19,5147.219999999999,8.91,18210.27,1488.6899999999996,27.85102119849808,0.9,1.3860210035005833,42.85,Medium,385.65000000000003
653,STATE WINE & SPIRITS,23259,Vegan Vines Chard,6.12,8.99,750.0,630,3855.6,1944.0,17476.56,8171.91,216.39000000000001,24044.94,13620.960000000001,77.93845012977381,3.085714285714286,4.532773109243698,6.12,Large,-8041.68
6213,MHW LTD,5737,Blue Chair Bay CocSpc Cream,13.38,16.99,750.0,288,3853.44,495.0,8410.05,5096.999999999999,389.94,28864.74,4556.609999999999,54.18053400395954,1.71875,2.1824785127055306,13.38,Medium,-2769.6600000000003
9552,M S WALKER INC,19881,Pravis Pnt Grigio Vignetti,5.91,12.99,750.0,648,3829.6800000000003,981.0,8819.19,3802.77,109.38000000000001,166655.46,4989.51,56.57560388198915,1.5138888888888888,2.3028529798834367,5.91,Large,-1968.03
4692,KOBRAND CORPORATION,25186,Jadot Ch d Jacques Morgon 11,8.66,12.99,750.0,441,3819.06,1857.0,24122.43,12041.73,206.82,27418.14,20303.37,84.16801292407108,4.210884353741497,6.316326530612245,8.66,Large,-12262.56
9165,ULTRA BEVERAGE COMPANY LLP,18193,Joseph Phelps Insignia 09,104.57,159.99,750.0,36,3764.5199999999995,48.0,7679.52,5759.64,5.28,204164.1,3915.000000000001,50.9797487342959,1.3333333333333333,2.0399732236779196,104.57,Small,-1254.84
12546,JIM BEAM BRANDS COMPANY,1252,Jim Beam Bonded Bourbon,13.84,22.99,750.0,270,3736.8,513.0,9228.869999999999,6044.639999999999,404.25,371642.91,5492.069999999999,59.509669114420284,1.9,2.469725433526011,13.84,Medium,-3363.12
8673,STE MICHELLE WINE ESTATES,39461,Stags Leap SLV Cab Svgn,69.07,104.99,750.0,54,3729.78,201.0,21102.989999999998,14173.65,22.29,47759.1,17373.21,82.32582207544998,3.7222222222222223,5.657971783858565,69.07000000000001,Small,-10153.289999999999
7153,PINE STATE TRADING CO,22940,Leoville Poyfre St Julien 09,206.7,307.99,1500.0,18,3720.6,18.0,5543.82,2771.91,4.05,47654.46,1823.2199999999998,32.887431410110715,1.0,1.4900338655055636,206.7,Small,0.0
90027,POVERTY LANE ORCHARDS,15891,Farnum Hill Dooryard Cider,8.1,11.99,750.0,459,3717.9,447.0,5359.53,2949.54,49.71,689.64,1641.6299999999997,30.630111222439275,0.9738562091503268,1.4415476478657305,8.1,Large,97.19999999999999
10754,PERFECTA WINES,21458,Ch Langoa Barton St Julien,45.63,67.99,750.0,81,3696.03,69.0,4691.3099999999995,3059.5499999999997,7.680000000000001,86161.56,995.2799999999993,21.21539612602875,0.8518518518518519,1.2692835285427877,45.63,Medium,547.5600000000001
1590,DIAGEO CHATEAU ESTATE WINES,18571,Sterling Vyd Aromatic White,6.5,9.95,750.0,567,3685.5,789.0,8530.11,5152.14,87.51,21779.25,4844.610000000001,56.79422656917672,1.3915343915343916,2.314505494505495,6.5,Large,-1443.0
2000,SOUTHERN WINE & SPIRITS NE,19969,Ch D'Issan 10 Brdx,81.81,125.99,750.0,45,3681.4500000000003,132.0,16630.68,4157.67,14.79,57049.77,12949.23,77.86350287540857,2.933333333333333,4.517426557470562,81.81,Small,-7117.47
2000,SOUTHERN WINE & SPIRITS NE,23032,Zenato Cresasso,51.01,74.99,750.0,72,3672.72,129.0,6448.71,4049.19,14.28,57049.77,2775.9900000000002,43.04721409398159,1.7916666666666667,1.755840358099719,51.01,Small,-2907.5699999999997
6785,PALM BAY INTERNATIONAL INC,25204,Ch Rollan de By Medoc,17.0,24.99,750.0,216,3672.0,624.0,15593.759999999998,10795.679999999998,69.06,40816.23,11921.759999999998,76.45211930926217,2.888888888888889,4.246666666666666,17.0,Medium,-6936.0
1128,BROWN-FORMAN CORP,1550,Jack Daniels Tennessee Fire,2.91,3.99,100.0,1251,3640.4100000000003,7830.0,31241.7,15333.570000000002,814.02,205805.04,27601.29,88.34759312073287,6.258992805755396,8.581917970778017,2.91,Large,-19144.89
4425,MARTIGNETTI COMPANIES,18972,Schug Pnt Nr Carneros,7.09,10.99,375.0,513,3637.17,1758.0,19320.42,6528.06,99.78,434787.72000000003,15683.249999999998,81.17447757346889,3.426900584795322,5.311937577842113,7.09,Large,-8827.05
1587,VINEYARD BRANDS INC,19786,Warre's Vintage Port 2011,50.33,74.99,750.0,72,3623.76,123.0,9223.769999999999,6524.129999999999,13.62,18210.27,5600.009999999998,60.71281048855294,1.7083333333333333,2.545358964169812,50.330000000000005,Small,-2566.83
4425,MARTIGNETTI COMPANIES,1997,Charles Goodnight Bourbon,30.93,42.99,750.0,117,3618.81,207.0,8853.93,6790.410000000001,163.26,434787.72000000003,5235.120000000001,59.12764162355023,1.7692307692307692,2.4466412992116195,30.93,Medium,-2783.7
4425,MARTIGNETTI COMPANIES,19699,Seratina Primitivo,6.8,9.99,750.0,531,3610.7999999999997,423.0,4459.77,2841.3,46.980000000000004,434787.72000000003,848.9700000000007,19.03618348031402,0.7966101694915254,1.23511964107677,6.8,Large,734.4
2000,SOUTHERN WINE & SPIRITS NE,23335,Ch Leoville Las Cases 11 Jul,133.33,199.99,750.0,27,3599.91,30.0,5999.700000000001,2399.88,3.3600000000000003,57049.77,2399.790000000001,39.99849992499626,1.1111111111111112,1.6666249989583075,133.32999999999998,Small,-399.99
7153,PINE STATE TRADING CO,6520,LeCompte Calvados 5 Yr Old,39.99,55.99,750.0,90,3599.1,108.0,6046.92,5207.070000000001,85.23,47654.46,2447.82,40.48044293623862,1.2,1.6801200300075019,39.99,Medium,-719.82
9165,ULTRA BEVERAGE COMPANY LLP,6461,Blood Orange Liqueur,11.41,14.49,750.0,315,3594.15,654.0,9476.460000000001,4347.0,515.1,204164.1,5882.310000000001,62.072862651243184,2.0761904761904764,2.636634531113059,11.41,Large,-3867.9900000000002
9165,ULTRA BEVERAGE COMPANY LLP,4065,Pink Pigeon Rum,20.89,27.99,750.0,171,3572.19,183.0,5122.17,3358.7999999999997,144.18,204164.1,1549.98,30.26022174195702,1.0701754385964912,1.4339018921166007,20.89,Medium,-250.68
90010,VINEXTRA INC,22632,Buil & Gine Montsant 17X1,7.48,20.99,750.0,477,3567.96,513.0,6231.87,3324.45,57.27,1574.82,2663.91,42.74655921898242,1.0754716981132075,1.7466199172636465,7.48,Large,-269.28000000000003
1590,DIAGEO CHATEAU ESTATE WINES,17938,Stark Raving White,6.7,9.99,750.0,531,3557.7,420.0,4813.8,2757.6,46.68,21779.25,1256.1000000000004,26.093730524741375,0.7909604519774012,1.3530651825617674,6.699999999999999,Large,743.7
10754,PERFECTA WINES,25161,Baron La Rose Bordeaux Blanc,7.89,11.99,750.0,450,3550.5000000000005,567.0,5964.33,4543.68,62.64,86161.56,2413.8299999999995,40.47110069362358,1.26,1.6798563582594,7.890000000000001,Large,-923.13
6213,MHW LTD,5517,Tippy Cow Shamrock Mint,11.59,15.99,750.0,306,3546.5400000000004,498.0,9268.019999999999,6014.789999999999,392.55,28864.74,5721.479999999998,61.733574161471374,1.6274509803921569,2.613256864436887,11.590000000000002,Large,-2225.2799999999997
10754,PERFECTA WINES,23780,La Chapelle Mission Haut Bri,55.03,81.99,750.0,63,3466.89,84.0,6887.16,4427.46,9.33,86161.56,3420.27,49.66154409074278,1.3333333333333333,1.9865527893876067,55.03,Small,-1155.63
2000,SOUTHERN WINE & SPIRITS NE,23230,High Valley Svgn Bl 13 Lake,9.39,13.99,750.0,369,3464.9100000000003,1713.0,23964.87,12465.09,190.44,57049.77,20499.96,85.54171168047229,4.642276422764228,6.916448046269599,9.39,Large,-12620.16
1392,CONSTELLATION BRANDS INC,2024,Black Velvet Toasted Caramel,4.44,5.99,375.0,774,3436.56,1335.0,7996.650000000001,5768.37,522.66,238586.97,4560.09,57.02500422051734,1.7248062015503876,2.326934492632167,4.4399999999999995,Large,-2490.84
9552,M S WALKER INC,23990,Moncigale Rose Cd Provnce 14,8.66,12.99,750.0,396,3429.36,543.0,6834.57,4112.7,60.21,166655.46,3405.2099999999996,49.82332465685478,1.371212121212121,1.9929578696899712,8.66,Large,-1273.02
9552,M S WALKER INC,23395,Pavilion St Pierre Cdu Rhone,6.45,9.99,750.0,531,3424.95,2709.0,27065.91,10191.300000000001,302.61,166655.46,23640.96,87.34589008830666,5.101694915254237,7.902570840450226,6.449999999999999,Large,-14048.1
7153,PINE STATE TRADING CO,6545,LeCompte Calvados 18 Yr Old,94.88,129.99,750.0,36,3415.68,39.0,5069.610000000001,3899.7000000000003,30.720000000000002,47654.46,1653.9300000000007,32.624403060590474,1.0833333333333333,1.4842169055649244,94.88,Small,-284.64
3960,DIAGEO NORTH AMERICA INC,8438,Capt Morgan White Grapefruit,0.72,0.99,50.0,4734,3408.48,5448.0,5393.52,1669.1399999999999,282.48,771096.21,1985.0400000000004,36.8041649979976,1.1508238276299112,1.5823827629911282,0.72,Large,-514.0799999999999
9165,ULTRA BEVERAGE COMPANY LLP,19169,Anterra Chardonnay,5.4,7.99,750.0,630,3402.0,1740.0,13902.6,7430.7,193.32,204164.1,10500.6,75.52975702386604,2.761904761904762,4.086596119929453,5.4,Large,-5994.0
653,STATE WINE & SPIRITS,23260,Penny Wise Svgn Bl,4.51,6.99,750.0,747,3368.9700000000003,564.0,3928.56,1509.24,63.0,24044.94,559.5899999999997,14.244150528437894,0.7550200803212851,1.166101211943116,4.510000000000001,Large,825.3299999999999
2000,SOUTHERN WINE & SPIRITS NE,19045,San Polo Mezzopane 06 Toscan,18.61,26.99,750.0,180,3349.7999999999997,177.0,5053.23,2399.16,19.71,57049.77,1703.4299999999998,33.709726254296754,0.9833333333333333,1.5085169263836646,18.61,Medium,55.83
9552,M S WALKER INC,24452,Vega Sindoa 14 Chard Navarra,7.58,12.99,750.0,441,3342.7799999999997,510.0,5952.900000000001,3000.39,56.61,166655.46,2610.120000000001,43.846192612004245,1.1564625850340136,1.7808231472008331,7.579999999999999,Large,-523.02
4425,MARTIGNETTI COMPANIES,21320,Zion Dolev Muscato,7.09,10.99,750.0,468,3318.12,363.0,3989.37,2274.93,40.32,434787.72000000003,671.25,16.825965001992795,0.7756410256410257,1.2022982893927887,7.09,Large,744.4499999999999
9552,M S WALKER INC,24646,Pierre Dupond Renjardire CdR,5.94,16.99,750.0,558,3314.52,651.0,5722.29,1582.1999999999998,73.05,166655.46,2407.77,42.077035592393955,1.1666666666666667,1.7264309764309764,5.94,Large,-552.4200000000001
8112,MOET HENNESSY USA INC,2928,Glenmorangie Tusail Giftbox,73.52,99.99,750.0,45,3308.4,63.0,6299.37,4799.5199999999995,49.71,145041.78,2990.97,47.48046233194748,1.4,1.9040533188248094,73.52,Small,-1323.36
9552,M S WALKER INC,21426,Szigeti Gruner Velt Skt Brut,12.66,23.99,750.0,261,3304.2599999999998,174.0,4150.26,2135.1,19.44,166655.46,846.0000000000005,20.384265082187632,0.6666666666666666,1.2560331208803184,12.659999999999998,Medium,1101.42
2000,SOUTHERN WINE & SPIRITS NE,4453,Pitu Brazilian Rum Cachaca,10.76,16.99,750.0,306,3292.56,837.0,10926.630000000001,6693.84,659.76,57049.77,7634.0700000000015,69.86664689844902,2.735294117647059,3.3185818937240326,10.76,Large,-5713.5599999999995
9165,ULTRA BEVERAGE COMPANY LLP,4105,Patron XO Cafe Variety 3 Pak,5.07,6.99,50.0,648,3285.36,3855.0,26946.45,17132.49,195.84,204164.1,23661.09,87.80781884070072,5.949074074074074,8.201977865439403,5.07,Large,-16259.490000000002
7239,REMY COINTREAU USA INC,9439,Cointreau VAP,21.47,28.99,750.0,153,3284.91,300.0,9753.0,6142.11,236.4,50936.01,6468.09,66.31897877576131,1.9607843137254901,2.9690311150077173,21.47,Medium,-3156.0899999999997
4425,MARTIGNETTI COMPANIES,25206,Quinta do Noval 2013 Port,60.8,89.99,750.0,54,3283.2,120.0,10798.8,5939.339999999999,13.38,434787.72000000003,7515.599999999999,69.59662184687187,2.2222222222222223,3.2891081871345027,60.8,Small,-4012.7999999999997
9552,M S WALKER INC,20772,Dutton Goldfield Chard Dutto,25.99,38.99,750.0,126,3274.74,291.0,11346.09,5380.62,32.46,166655.46,8071.35,71.13772233430196,2.3095238095238093,3.464730024368347,25.99,Medium,-4288.349999999999
3252,E & J GALLO WINERY,7344,Viniq Shimmery Liqueur,7.74,12.99,375.0,423,3274.02,873.0,9594.27,7319.34,341.85,185900.73,6320.25,65.87525679389886,2.0638297872340425,2.930424982132058,7.74,Large,-3483.0
9165,ULTRA BEVERAGE COMPANY LLP,10625,Querceto Il Sole Alessandro,45.26,66.99,750.0,72,3258.72,126.0,8566.74,5909.129999999999,13.98,204164.1,5308.02,61.96079255352679,1.75,2.628866548828988,45.26,Small,-2444.04
7153,PINE STATE TRADING CO,3441,One Roq RSV Vodka,18.04,23.99,750.0,180,3247.2,150.0,3598.5,2159.1,118.26,47654.46,351.3000000000002,9.762401000416846,0.8333333333333334,1.1081855136733185,18.04,Medium,541.1999999999999
10754,PERFECTA WINES,21461,Ch Rayne Vigneau Sauternes,39.99,57.99,750.0,81,3239.19,120.0,6958.8,4175.28,13.290000000000001,86161.56,3719.61,53.45188825659597,1.4814814814814814,2.1483148564919006,39.99,Medium,-1559.6100000000001
4425,MARTIGNETTI COMPANIES,25003,Tenuta Sette Cieli Indaco,32.65,47.99,750.0,99,3232.35,135.0,6478.650000000001,4175.13,14.91,434787.72000000003,3246.3000000000006,50.10766131833021,1.3636363636363635,2.0043157455102327,32.65,Medium,-1175.3999999999999
4425,MARTIGNETTI COMPANIES,23195,Gary Farrell RRV Pnt Nr,27.58,39.99,750.0,117,3226.86,174.0,6958.26,3239.19,19.38,434787.72000000003,3731.4,53.625475334350824,1.4871794871794872,2.1563563340213086,27.580000000000002,Medium,-1572.06
17035,PERNOD RICARD USA,1037,JP Wiser's Rye w/ 2 Glasses,15.5,24.99,750.0,207,3208.5,282.0,6015.179999999999,3853.2,222.33,371340.66,2806.6799999999994,46.659950325676036,1.3623188405797102,1.8747639083683962,15.5,Medium,-1162.5
6215,MOONLIGHT MEADERY,20954,Moonlight Meadery Last Apple,10.45,16.79,375.0,306,3197.7000000000003,345.0,5516.55,2590.38,19.77,1096.83,2318.85,42.03442368871849,1.1274509803921569,1.7251618350689557,10.450000000000001,Large,-407.54999999999995
4425,MARTIGNETTI COMPANIES,2776,Brenne French Sng Mlt Whisky,32.3,41.99,750.0,99,3197.7,234.0,9825.66,5668.650000000001,184.38,434787.72000000003,6627.96,67.45562130177515,2.3636363636363638,3.0727272727272728,32.3,Medium,-4360.5
9552,M S WALKER INC,22828,Beaux Freres Vyds Pnt Nr,59.2,89.99,750.0,54,3196.8,189.0,17008.11,11608.71,20.91,166655.46,13811.310000000001,81.20426079088153,3.5,5.32035472972973,59.2,Small,-7992.0
8892,TRINCHERO FAMILY ESTATES,22898,Dona Paula Est Red Blend,8.05,11.99,750.0,396,3187.7999999999997,348.0,4172.5199999999995,1978.3500000000001,38.79,34787.91,984.7199999999998,23.60012654223347,0.8787878787878788,1.308902691511387,8.049999999999999,Large,386.40000000000003
9552,M S WALKER INC,13688,Murphy-Goode Pnt Nr,4.19,12.99,750.0,756,3167.64,252.0,3411.48,611.52,28.26,166655.46,243.84000000000015,7.147630940237086,0.3333333333333333,1.0769784445202106,4.1899999999999995,Large,2111.76
90011,FORTUNE WINE BROKERS LLC,16178,Lobstah White,5.95,9.99,750.0,531,3159.4500000000003,315.0,3326.85,1546.56,35.13,715.83,167.39999999999964,5.031786825375344,0.5932203389830508,1.0529839054265773,5.95,Large,1285.2
4692,KOBRAND CORPORATION,25055,Jadot Echezeaux 13,116.88,179.99,750.0,27,3155.7599999999998,30.0,5399.700000000001,3779.79,3.33,27418.14,2243.940000000001,41.55675315295295,1.1111111111111112,1.7110616776941217,116.88,Small,-350.64
7245,PROXIMO SPIRITS INC.,1039,Three Olives Vodka w/Flask,10.31,14.99,750.0,306,3154.86,1068.0,13648.32,8489.4,841.53,116984.34,10493.46,76.88462755855664,3.4901960784313726,4.326125406515661,10.31,Large,-7856.22
7749,R.P.IMPORTS INC,19617,Ch Suduiraut Sauternes 10,86.89,125.99,750.0,36,3128.04,39.0,4913.61,3023.7599999999998,4.32,274.5,1785.5699999999997,36.339269905425944,1.0833333333333333,1.5708270993977058,86.89,Small,-260.67
4425,MARTIGNETTI COMPANIES,19392,Dom Virginie Thunevin Brdx,9.93,14.99,750.0,315,3127.95,336.0,5690.639999999999,3148.14,37.410000000000004,434787.72000000003,2562.6899999999996,45.033423305638735,1.0666666666666667,1.8192873927012898,9.93,Large,-208.53
4692,KOBRAND CORPORATION,25086,Jadot Pernand Vergelesses 13,24.82,35.99,750.0,126,3127.32,174.0,6262.26,3670.98,19.26,27418.14,3134.94,50.06084065497121,1.380952380952381,2.002436591074786,24.82,Medium,-1191.3600000000001
7153,PINE STATE TRADING CO,23950,Ch Haut-Robert 10,7.38,10.99,750.0,423,3121.74,954.0,10484.460000000001,5176.29,106.11,47654.46,7362.720000000001,70.22507596957783,2.25531914893617,3.3585308193507473,7.38,Large,-3918.7799999999997
9552,M S WALKER INC,39550,Aquinas Cab Svgn,8.6,19.99,750.0,360,3096.0,795.0,10777.05,4598.73,88.77,166655.46,7681.049999999999,71.2722869430874,2.2083333333333335,3.4809593023255814,8.6,Large,-3741.0
10754,PERFECTA WINES,19661,Red Sox Club Series Chard Rs,13.69,19.99,750.0,225,3080.25,225.0,4497.75,2518.74,25.080000000000002,86161.56,1417.5,31.51575787893947,1.0,1.460189919649379,13.69,Medium,0.0
9552,M S WALKER INC,20767,Chehalem Inox Chard Wlmt Vly,13.15,19.99,750.0,234,3077.1,207.0,4137.929999999999,2098.95,23.04,166655.46,1060.8299999999995,25.636731409182843,0.8846153846153846,1.3447499268792042,13.15,Medium,355.05
6785,PALM BAY INTERNATIONAL INC,18432,Bertani Amarone 1993,113.33,169.99,750.0,27,3059.91,36.0,6119.64,3569.79,4.0200000000000005,40816.23,3059.7300000000005,49.99852932525443,1.3333333333333333,1.9999411747404336,113.33,Small,-1019.97
10754,PERFECTA WINES,17413,Ch Leoville Barton 10 St Jul,84.96,165.99,750.0,36,3058.56,96.0,12479.04,7409.43,10.65,86161.56,9420.480000000001,75.49042234018002,2.6666666666666665,4.080037664783428,84.96,Small,-5097.599999999999
4425,MARTIGNETTI COMPANIES,25203,Aveleda Follies,8.9,12.99,750.0,342,3043.7999999999997,792.0,10288.08,6079.32,87.9,434787.72000000003,7244.280000000001,70.41430470991673,2.3157894736842106,3.380011827321112,8.899999999999999,Large,-4005.0
10754,PERFECTA WINES,5384,Widow's Migaki Shochu,24.08,32.99,750.0,126,3034.08,120.0,3958.8,2672.19,94.68,86161.56,924.7200000000003,23.35859351318582,0.9523809523809523,1.304777725043506,24.08,Medium,144.48
7153,PINE STATE TRADING CO,23831,Manon Rose de Provence,9.33,13.99,750.0,324,3022.9199999999996,240.0,4077.5999999999995,2905.2899999999995,26.580000000000002,47654.46,1054.6799999999998,25.865214832254267,0.7407407407407407,1.3488944464292802,9.329999999999998,Large,783.72
9815,WINE GROUP INC,13724,Big House White,7.14,17.99,3000.0,423,3020.2200000000003,294.0,3201.06,1612.5,132.3,81301.23,180.8399999999997,5.649378643324389,0.6950354609929078,1.0598764328426404,7.140000000000001,Large,921.06
4692,KOBRAND CORPORATION,24720,Tenuta Sette Ponti Crognolo,18.54,27.99,750.0,162,3003.48,117.0,3274.83,2015.28,12.96,27418.14,271.3499999999999,8.285926292357159,0.7222222222222222,1.0903451995685005,18.54,Medium,834.3
4692,KOBRAND CORPORATION,17916,Tenuta San Guido 09 Sassacia,110.38,169.99,750.0,27,2980.2599999999998,36.0,6119.64,3059.82,4.05,27418.14,3139.3800000000006,51.300076475086776,1.3333333333333333,2.0533913148517247,110.38,Small,-993.42
4425,MARTIGNETTI COMPANIES,23075,Madrigal Petite Sirah,11.72,16.99,750.0,252,2953.4399999999996,1218.0,20693.82,10907.579999999998,135.51,434787.72000000003,17740.38,85.72791297111893,4.833333333333333,7.006683731513084,11.719999999999999,Medium,-11321.52
4425,MARTIGNETTI COMPANIES,12199,Rochioli RRV Chard Cal,36.42,54.99,750.0,81,2950.02,87.0,4784.13,2969.46,9.69,434787.72000000003,1834.1100000000001,38.337377955866586,1.0740740740740742,1.6217279882848252,36.42,Medium,-218.52
90011,FORTUNE WINE BROKERS LLC,2572,Tatoosh Whiskey,36.42,50.99,750.0,81,2950.02,93.0,4814.070000000001,4043.2200000000003,73.38,715.83,1864.0500000000006,38.720874436807115,1.1481481481481481,1.631877072019851,36.42,Medium,-437.04
1392,CONSTELLATION BRANDS INC,12592,Ravenswood Big River Znfdl,18.11,26.99,750.0,162,2933.8199999999997,144.0,3985.56,2788.98,15.99,238586.97,1051.7400000000002,26.38876343600398,0.8888888888888888,1.3584882508129335,18.11,Medium,325.98
6785,PALM BAY INTERNATIONAL INC,24279,Fontanafredda La Rosa Barolo,46.35,69.99,750.0,63,2920.05,57.0,3989.43,2729.6099999999997,6.3,40816.23,1069.3799999999997,26.80533309269745,0.9047619047619048,1.3662197565110186,46.35,Small,278.1
4425,MARTIGNETTI COMPANIES,18130,Castello Di Ama Chianti,24.83,36.99,750.0,117,2905.1099999999997,252.0,9321.48,5992.38,27.93,434787.72000000003,6416.37,68.83424091453288,2.1538461538461537,3.2086495864184146,24.83,Medium,-3352.0499999999997
10754,PERFECTA WINES,36360,Saarstein Riesling QbA,8.96,14.99,750.0,324,2903.04,306.0,4484.94,3243.78,33.84,86161.56,1581.8999999999996,35.271374867891204,0.9444444444444444,1.544911541005291,8.959999999999999,Large,161.28000000000003
9552,M S WALKER INC,17375,Legacy Red Alexander Valley,35.8,75.99,750.0,81,2899.8,78.0,4133.22,2702.4900000000002,8.64,166655.46,1233.42,29.841624689709235,0.9629629629629629,1.4253465756259052,35.800000000000004,Medium,107.39999999999999
1703,ALISA CARR BEVERAGES,90080,Ch Cantenac Brown Margaux 11,40.26,59.99,750.0,72,2898.72,90.0,5399.1,1079.82,10.11,516.0,2500.3800000000006,46.31105184197367,1.25,1.8625807252856437,40.26,Small,-724.68
4425,MARTIGNETTI COMPANIES,21363,Perez Cruz Carmenere Ltd Ed,13.42,19.99,750.0,216,2898.72,360.0,7196.4,4437.78,39.9,434787.72000000003,4297.68,59.71985992996499,1.6666666666666667,2.4826130153999006,13.42,Medium,-1932.48
10754,PERFECTA WINES,23186,Morgan Winery Double L  Rsl,13.42,22.99,750.0,216,2898.72,435.0,10000.65,7310.82,48.06,86161.56,7101.93,71.01468404553705,2.013888888888889,3.4500227686703098,13.42,Medium,-2938.98
4425,MARTIGNETTI COMPANIES,17086,Harrison Clarke Syrah,26.66,39.99,750.0,108,2879.28,135.0,5398.650000000001,3599.1000000000004,14.940000000000001,434787.72000000003,2519.3700000000003,46.666666666666664,1.25,1.875,26.66,Medium,-719.82
480,BACARDI USA INC,4304,Bacardi Mango Fusion,0.79,0.99,50.0,3609,2851.11,11157.0,11045.43,5247.99,573.69,267858.81,8194.32,74.18742412020174,3.091438071487947,3.8740806212317307,0.79,Large,-5962.92
10754,PERFECTA WINES,17384,20 Mile 09 Brdx Superior,24.34,51.99,750.0,117,2847.7799999999997,156.0,5848.4400000000005,3149.1600000000003,17.31,86161.56,3000.6600000000008,51.307015204054416,1.3333333333333333,2.0536839222130925,24.339999999999996,Medium,-949.26
1601,VRANKEN AMERICA,20130,Pommerey Brut Rose Champagne,39.47,59.99,750.0,72,2841.84,78.0,4679.22,2699.55,8.67,3146.91,1837.38,39.26680087706926,1.0833333333333333,1.6465458998395406,39.47,Small,-236.82
7153,PINE STATE TRADING CO,20889,La Lecciaia Brunello di Mont,26.2,37.99,750.0,108,2829.6,111.0,4216.89,2849.25,12.3,47654.46,1387.2900000000004,32.89841565703636,1.0277777777777777,1.490277777777778,26.2,Medium,-78.6
4425,MARTIGNETTI COMPANIES,18212,Pulenta Est Malbec Mendoza,17.44,25.99,750.0,162,2825.28,390.0,10136.1,6315.57,43.230000000000004,434787.72000000003,7310.82,72.12655755172108,2.4074074074074074,3.5876444104655114,17.44,Medium,-3976.32
653,STATE WINE & SPIRITS,2921,Full Throttle Strwbry Whisky,14.92,19.99,750.0,189,2819.88,267.0,5337.33,3898.0499999999997,210.51,24044.94,2517.45,47.16684184789023,1.4126984126984128,1.8927507553512914,14.92,Medium,-1163.76
9552,M S WALKER INC,38726,McWilliams Hanwood Cab Svgn,4.66,11.99,750.0,603,2809.98,384.0,2837.16,820.89,42.96,166655.46,27.179999999999836,0.9580002537748958,0.6368159203980099,1.0096726667093716,4.66,Large,1020.5400000000001
10754,PERFECTA WINES,23173,Four Star Cab Svgn,9.45,13.99,750.0,297,2806.65,855.0,11961.45,4616.7,95.49000000000001,86161.56,9154.800000000001,76.53587148715249,2.878787878787879,4.261824595157929,9.450000000000001,Large,-5273.099999999999
4425,MARTIGNETTI COMPANIES,25462,Buehler Estate Cab Svgn Napa,20.77,32.99,750.0,135,2803.9500000000003,393.0,12815.07,6861.9,43.77,434787.72000000003,10011.119999999999,78.1199010227802,2.911111111111111,4.570363237575562,20.770000000000003,Medium,-5358.66
4425,MARTIGNETTI COMPANIES,21259,Paul Hobbs Crossbarn Rose PN,12.66,18.99,750.0,216,2734.56,177.0,3361.23,1652.1299999999999,19.740000000000002,434787.72000000003,626.6700000000001,18.644067796610173,0.8194444444444444,1.2291666666666667,12.66,Medium,493.74
10754,PERFECTA WINES,23896,Riebeek Cellars Cape Rose,7.58,12.99,750.0,360,2728.7999999999997,591.0,7677.09,5572.71,65.28,86161.56,4948.290000000001,64.45528188415143,1.6416666666666666,2.8133575197889185,7.579999999999999,Large,-1750.98
2000,SOUTHERN WINE & SPIRITS NE,13045,Double Decker Red,3.83,12.99,750.0,711,2723.13,672.0,5402.88,924.3,75.36,57049.77,2679.75,49.5985474413646,0.9451476793248945,1.9840698020292824,3.83,Large,149.37
12546,JIM BEAM BRANDS COMPANY,712,Cruzan Citrus Flavored Rum,7.96,10.99,750.0,342,2722.32,306.0,3362.94,1153.95,241.07999999999998,371642.91,640.6199999999999,19.04940320077075,0.8947368421052632,1.2353213435599046,7.960000000000001,Large,286.56
10754,PERFECTA WINES,19443,Cave de Tain St Joseph Red,14.33,29.99,750.0,189,2708.37,285.0,6124.65,2772.2099999999996,31.77,86161.56,3416.2799999999997,55.77918738213612,1.507936507936508,2.261378615181825,14.33,Medium,-1375.68
1392,CONSTELLATION BRANDS INC,12218,R M Woodbridge Moscato,1.98,7.99,750.0,1359,2690.82,429.0,3106.71,2088.12,47.49,238586.97,415.8899999999999,13.386830441206287,0.31567328918322296,1.1545588333667802,1.9800000000000002,Large,1841.4
4425,MARTIGNETTI COMPANIES,23109,DeLille Cellars Chaleur Blnc,24.83,36.99,750.0,108,2681.64,93.0,3440.07,1775.52,10.38,434787.72000000003,758.4300000000003,22.0469350914371,0.8611111111111112,1.2828231977446638,24.83,Medium,372.45
2000,SOUTHERN WINE & SPIRITS NE,23331,Ch Ducru Beaucaillou 11 Jul,98.68,149.99,750.0,27,2664.36,30.0,4499.700000000001,1349.91,3.39,57049.77,1835.3400000000006,40.78805253683579,1.1111111111111112,1.6888483538260597,98.68,Small,-296.04
4425,MARTIGNETTI COMPANIES,23098,DeLille Cellars Doyenne AIX,26.89,38.99,750.0,99,2662.11,72.0,2807.28,701.82,8.07,434787.72000000003,145.17000000000007,5.171197743011031,0.7272727272727273,1.0545319314378445,26.89,Medium,726.03
3960,DIAGEO NORTH AMERICA INC,7424,Capt Morgan White,12.29,17.99,1000.0,216,2654.64,186.0,2881.14,1533.51,195.3,771096.21,226.5,7.861471500864242,0.8611111111111112,1.0853223035891872,12.29,Medium,368.7
653,STATE WINE & SPIRITS,950,Mastersons 10 Yr Old Rye,58.82,79.99,750.0,45,2646.9,63.0,5039.37,4319.46,49.68,24044.94,2392.47,47.475577304305894,1.4,1.9038762325739544,58.82,Small,-1058.76
9165,ULTRA BEVERAGE COMPANY LLP,20216,Conti Zecca Negroamaro 10,6.57,9.99,750.0,396,2601.7200000000003,3261.0,32577.39,14025.960000000001,363.69,204164.1,29975.67,92.01372485641114,8.234848484848484,12.521481942714818,6.57,Large,-18823.05
10754,PERFECTA WINES,42410,Acorn Medley Alegria RRV,16.97,35.99,750.0,153,2596.41,225.0,5802.75,2475.84,25.05,86161.56,3206.34,55.25552539744088,1.4705882352941178,2.2349128219349024,16.97,Medium,-1221.84
9165,ULTRA BEVERAGE COMPANY LLP,21854,Signorello's Cab Svgn Napa,41.09,59.99,750.0,63,2588.67,42.0,3251.58,2636.67,4.62,204164.1,662.9099999999999,20.38731939549388,0.6666666666666666,1.2560813081621063,41.09,Small,862.8900000000001
653,STATE WINE & SPIRITS,20661,Pali Pnt Nr Cargasacchi Vyd,35.94,59.99,750.0,72,2587.68,63.0,3779.37,2159.64,7.0200000000000005,24044.94,1191.69,31.531445717143335,0.875,1.4605244852531998,35.94,Small,323.46
9815,WINE GROUP INC,39282,Concannon Petite Sirah Cntrl,6.84,10.99,750.0,378,2585.52,975.0,10610.25,6132.36,108.27,81301.23,8024.73,75.63186541316179,2.5793650793650795,4.103719948018194,6.84,Large,-4083.48
10754,PERFECTA WINES,6505,Lucano Limencello,7.96,10.99,750.0,324,2579.0400000000004,258.0,2835.42,1681.47,203.28,86161.56,256.37999999999965,9.042046680914986,0.7962962962962963,1.0994090824492833,7.960000000000001,Large,525.36
90047,CRUSH WINES,22012,Vieux Clocher Chateauneuf Du,23.8,34.99,750.0,108,2570.4,81.0,2834.19,1994.43,9.0,4373.19,263.78999999999996,9.307421167952747,0.75,1.1026260504201681,23.8,Medium,642.6
90024,VINILANDIA USA,18304,Satellite Svgn Blanc Marlbor,5.82,12.99,750.0,441,2566.6200000000003,723.0,6190.77,2701.38,80.67,8407.92,3624.15,58.54118308384901,1.6394557823129252,2.4120321668186175,5.820000000000001,Large,-1641.24
12546,JIM BEAM BRANDS COMPANY,3530,Pinnacle Peach Vodka,6.93,9.99,750.0,369,2557.17,600.0,5782.5,3927.42,472.92,371642.91,3225.33,55.77743190661478,1.6260162601626016,2.2612888466547,6.930000000000001,Large,-1600.83
7153,PINE STATE TRADING CO,2458,Catskill Wicked White Whisky,11.8,24.99,375.0,216,2548.8,354.0,7661.46,5340.48,138.54,47654.46,5112.66,66.73218942603629,1.6388888888888888,3.0059086629001883,11.8,Medium,-1628.4
10754,PERFECTA WINES,23752,Ch Gloria St Julien 12,23.52,48.99,750.0,108,2540.16,159.0,5722.41,1403.6100000000001,17.82,86161.56,3182.25,55.61031104027848,1.4722222222222223,2.2527754157218443,23.52,Medium,-1199.52
4692,KOBRAND CORPORATION,25061,Jadot Vosne Romanee 13,40.26,59.99,750.0,63,2536.38,66.0,3959.34,1979.67,7.3500000000000005,27418.14,1422.96,35.93932322053676,1.0476190476190477,1.5610200364298725,40.260000000000005,Small,-120.78
7749,R.P.IMPORTS INC,19796,San Zopito Montepulciano d'A,19.99,29.99,750.0,126,2518.74,135.0,4048.6499999999996,2519.16,15.0,274.5,1529.9099999999999,37.78815160609092,1.0714285714285714,1.6074108482812834,19.99,Medium,-179.91
12546,JIM BEAM BRANDS COMPANY,1006,Jim Beam Candy Cane 4/50mLs,3.14,3.99,50.0,801,2515.14,984.0,3926.1600000000003,969.57,51.09,371642.91,1411.0200000000004,35.93893269759766,1.2284644194756553,1.5610105202891293,3.1399999999999997,Large,-574.62
4425,MARTIGNETTI COMPANIES,22057,Le Macchiole Bolgheri Rosso,17.41,26.99,750.0,144,2507.04,150.0,4048.5,1862.31,16.71,434787.72000000003,1541.46,38.07484253427195,1.0416666666666667,1.6148525751483822,17.41,Medium,-104.46000000000001
3960,DIAGEO NORTH AMERICA INC,3424,Peligroso Cinnamon Tequila,11.59,15.99,750.0,216,2503.44,408.0,6523.92,4173.39,321.45,771096.21,4020.48,61.626752014126474,1.8888888888888888,2.6059821685360944,11.59,Medium,-2225.2799999999997
10754,PERFECTA WINES,24341,Dom Henri Boillot Mersault,46.35,69.99,750.0,54,2502.9,54.0,3779.46,1889.7299999999998,6.03,86161.56,1276.56,33.77625375053579,1.0,1.5100323624595469,46.35,Small,0.0
9165,ULTRA BEVERAGE COMPANY LLP,22675,For A Song  The Score,5.33,7.99,750.0,468,2494.44,546.0,4362.54,1845.69,60.9,204164.1,1868.1,42.821383872698014,1.1666666666666667,1.7489055659787367,5.33,Large,-415.74
9552,M S WALKER INC,24876,Wine & Soul Manoela Douro,13.15,21.99,750.0,189,2485.35,594.0,12138.06,9271.47,65.58,166655.46,9652.71,79.52432266770802,3.142857142857143,4.883843321866135,13.15,Medium,-5325.75
2242,DELICATO VINEYARDS INC,13583,Twisted Cab Svgn Cal,2.53,3.79,750.0,972,2459.16,324.0,2912.7599999999998,215.76,36.45,23947.95,453.5999999999999,15.572858731924358,0.3333333333333333,1.1844532279314888,2.53,Large,1639.4399999999998
10754,PERFECTA WINES,21502,Cambridge Chard Carneros,11.33,16.99,750.0,216,2447.28,288.0,5229.12,4524.509999999999,31.740000000000002,86161.56,2781.8399999999997,53.1990086286029,1.3333333333333333,2.136706874570952,11.33,Medium,-815.76
9165,ULTRA BEVERAGE COMPANY LLP,5363,Luxardo Angioletto Hazelnut,12.3,15.99,750.0,198,2435.4,240.0,3774.6,2644.32,189.3,204164.1,1339.1999999999998,35.479256080114446,1.2121212121212122,1.5498891352549888,12.3,Medium,-516.6
6785,PALM BAY INTERNATIONAL INC,23998,Belguardo Serrata Toscana,6.75,9.99,750.0,360,2430.0,888.0,8871.12,4015.98,99.03,40816.23,6441.120000000001,72.60774287801314,2.466666666666667,3.650666666666667,6.75,Large,-3564.0
9552,M S WALKER INC,17372,Mionetto Il Spriz,6.57,12.99,750.0,369,2424.33,501.0,5004.99,2547.4500000000003,55.86,166655.46,2580.66,51.56174138210067,1.3577235772357723,2.0644837955228867,6.569999999999999,Large,-867.24
9552,M S WALKER INC,24554,Merieau L'Arpent des Vaudons,8.66,12.99,750.0,279,2416.14,387.0,5027.13,3507.3,42.84,166655.46,2610.9900000000002,51.93798449612403,1.3870967741935485,2.080645161290323,8.66,Medium,-935.28
2000,SOUTHERN WINE & SPIRITS NE,23334,Ch Lalande Borie 11 Julien,20.64,31.99,750.0,117,2414.88,138.0,4414.62,2303.2799999999997,15.3,57049.77,1999.7399999999998,45.29812305475895,1.1794871794871795,1.828090836811767,20.64,Medium,-433.44
4425,MARTIGNETTI COMPANIES,23101,Steelhead Red,6.53,9.99,750.0,369,2409.57,489.0,4885.11,1078.92,54.9,434787.72000000003,2475.5399999999995,50.675215092393,1.3252032520325203,2.0273783289134575,6.53,Large,-783.6
4425,MARTIGNETTI COMPANIES,5911,Faretti Biscotti Liqueur,19.08,33.99,750.0,126,2404.08,108.0,3103.92,1940.31,85.05,434787.72000000003,699.8400000000001,22.546972860125265,0.8571428571428571,1.2911051212938005,19.08,Medium,343.43999999999994
9819,TREASURY WINE ESTATES,17065,Be. Bright Pnt Grigio,4.1,5.99,750.0,585,2398.5,522.0,3126.78,1940.76,57.84,44509.71,728.2800000000002,23.29169305163779,0.8923076923076924,1.3036397748592872,4.1,Large,258.29999999999995
2561,EDRINGTON AMERICAS,2421,Highland Park Odin,265.14,349.99,750.0,9,2386.2599999999998,27.0,9449.73,9449.73,21.330000000000002,28963.5,7063.469999999999,74.74784993856967,3.0,3.9600588368409144,265.14,Small,-4772.5199999999995
9744,FREDERICK WILDMAN & SONS,14126,Attitude 13 Rose Jolivet,9.08,13.99,750.0,261,2369.88,504.0,7050.96,3945.18,56.04,11999.79,4681.08,66.38925763300317,1.9310344827586208,2.9752392526203857,9.08,Medium,-2206.44
9165,ULTRA BEVERAGE COMPANY LLP,16649,Cesari Valpo Classico,9.67,14.99,750.0,243,2349.81,198.0,2968.02,2023.65,21.93,204164.1,618.21,20.8290375401783,0.8148148148148148,1.2630893561607108,9.67,Medium,435.15
3960,DIAGEO NORTH AMERICA INC,3707,Smirnoff Ruby Red Grapefruit,0.74,0.99,50.0,3168,2344.32,3576.0,3540.2400000000002,766.26,186.33,771096.21,1195.92,33.78076062639821,1.128787878787879,1.510135135135135,0.7400000000000001,Large,-301.92
4425,MARTIGNETTI COMPANIES,14681,Shafer Hillside Cab Svgn 06,259.99,389.99,1500.0,9,2339.91,6.0,2339.94,2339.94,1.32,434787.72000000003,0.03000000000020009,0.0012820841560125511,0.6666666666666666,1.0000128210059362,259.99,Small,779.97
17035,PERNOD RICARD USA,2909,Lot No 40 Canadian Rye,37.03,59.99,750.0,63,2332.89,174.0,9898.26,8488.5,137.31,371340.66,7565.370000000001,76.43131217001776,2.761904761904762,4.242917582912182,37.03,Small,-4110.33
9552,M S WALKER INC,12340,La Atalaya Almansa Red,9.2,13.99,750.0,252,2318.4,180.0,2911.2,1142.28,20.04,166655.46,592.7999999999997,20.362737015663633,0.7142857142857143,1.2556935817805381,9.200000000000001,Medium,662.4
2000,SOUTHERN WINE & SPIRITS NE,19968,Ch Clerc Milon 10,85.71,125.99,750.0,27,2314.17,72.0,9071.28,5669.55,7.98,57049.77,6757.110000000001,74.48904674974204,2.6666666666666665,3.9198848831330455,85.71000000000001,Small,-3856.95
2000,SOUTHERN WINE & SPIRITS NE,19967,Ch Branaire Ducru 10 Brdx,85.13,125.99,750.0,27,2298.5099999999998,129.0,16252.710000000001,6425.49,14.4,57049.77,13954.2,85.8576815804872,4.777777777777778,7.070976415155907,85.13,Small,-8683.26
9165,ULTRA BEVERAGE COMPANY LLP,23384,Dom Fouassier Sancerre 13,12.16,17.99,750.0,189,2298.24,336.0,6044.639999999999,2158.7999999999997,37.53,204164.1,3746.3999999999996,61.97887715397443,1.7777777777777777,2.6301169590643276,12.159999999999998,Medium,-1787.52
90024,VINILANDIA USA,44783,Scagliola Dolcetto Sempre,10.2,14.99,750.0,225,2295.0,309.0,4589.91,2982.9900000000002,34.2,8407.92,2294.91,49.99901958861938,1.3733333333333333,1.9999607843137255,10.2,Medium,-856.8
480,BACARDI USA INC,540,Bacardi Pineapple Fusion,0.72,0.99,50.0,3168,2280.96,13971.0,13831.29,6032.07,719.73,267858.81,11550.330000000002,83.50869658578485,4.410037878787879,6.063802083333334,0.72,Large,-7778.16
7749,R.P.IMPORTS INC,19597,Ch Coutet Sauternes-Barsc 10,84.45,124.99,750.0,27,2280.15,21.0,2624.79,749.9399999999999,2.37,274.5,344.6399999999999,13.130193272604663,0.7777777777777778,1.151147950792711,84.45,Small,506.70000000000005
4425,MARTIGNETTI COMPANIES,37047,Ch Montelena Est Cab Svgn Np,84.41,129.99,750.0,27,2279.0699999999997,21.0,2729.79,2339.82,2.31,434787.72000000003,450.72000000000025,16.511160199136206,0.7777777777777778,1.1977648777790944,84.40999999999998,Small,506.46
2000,SOUTHERN WINE & SPIRITS NE,19966,Ch Alter Ego 10 Brdx,83.89,124.99,750.0,27,2265.0299999999997,54.0,6749.46,1874.85,6.0600000000000005,57049.77,4484.43,66.44131530522442,2.0,2.97985457146263,83.88999999999999,Small,-2265.03
3960,DIAGEO NORTH AMERICA INC,8467,Capt Morgan White Coconut,0.73,0.99,50.0,3096,2260.08,3006.0,2975.94,694.98,156.36,771096.21,715.8600000000001,24.054920462106093,0.9709302325581395,1.3167410003185729,0.73,Large,65.7
9552,M S WALKER INC,543,Berkshire Mtn Ethereal Gin,22.72,31.99,750.0,99,2249.2799999999997,177.0,5497.23,4957.41,139.77,166655.46,3247.95,59.08339290879224,1.7878787878787878,2.44399541186513,22.72,Medium,-1772.1599999999999
480,BACARDI USA INC,973,Bacardi 1873 Solera Rum,11.9,19.99,750.0,189,2249.1,471.0,7060.29,4272.15,371.25,267858.81,4811.1900000000005,68.14436800754645,2.492063492063492,3.1391623315993065,11.9,Medium,-3355.8
4692,KOBRAND CORPORATION,20666,Taylor Fladgate 11 Port,62.06,89.99,750.0,36,2234.16,27.0,2429.73,1619.82,3.0,27418.14,195.57000000000016,8.049042486202177,0.75,1.0875362552368677,62.059999999999995,Small,558.54
4692,KOBRAND CORPORATION,24723,Tenuta di Biserno Il Pino,41.37,59.99,750.0,54,2233.98,39.0,2339.61,1979.67,4.29,27418.14,105.63000000000011,4.514855039942559,0.7222222222222222,1.04728332393307,41.37,Small,620.55
4425,MARTIGNETTI COMPANIES,25015,Ch Graves de Pez St Estephe,20.4,29.99,750.0,108,2203.2000000000003,474.0,14215.26,9806.73,52.44,434787.72000000003,12012.06,84.501162834869,4.388888888888889,6.452096949891067,20.400000000000002,Medium,-7466.4
9552,M S WALKER INC,24701,Gratien & Meyer Cremant Brut,10.2,16.99,750.0,216,2203.2000000000003,270.0,4197.3,3216.93,29.82,166655.46,1994.1,47.50911300121506,1.25,1.9050925925925923,10.200000000000001,Medium,-550.8
9744,FREDERICK WILDMAN & SONS,21529,Ch St Sulpice Rose 13,8.44,12.99,750.0,261,2202.84,471.0,6118.29,4208.76,52.230000000000004,11999.79,3915.45,63.995822362130596,1.8045977011494252,2.7774554665795064,8.440000000000001,Medium,-1772.3999999999999
4425,MARTIGNETTI COMPANIES,36894,Chambers Rosewood Muscat,7.89,16.49,375.0,279,2201.31,294.0,3525.06,1870.44,16.8,434787.72000000003,1323.75,37.55255229698218,1.053763440860215,1.6013464709650163,7.89,Medium,-118.35
6359,OLE SMOKY DISTILLERY LLC,2129,Ole Smoky Charred Tennesse,13.56,18.99,750.0,162,2196.7200000000003,156.0,2962.4399999999996,2107.89,123.0,5766.0,765.7199999999993,25.847612103536257,0.9629629629629629,1.3485742379547685,13.560000000000002,Medium,81.36
2000,SOUTHERN WINE & SPIRITS NE,23326,Ch Bernadotte Haut-Medoc 11,16.12,24.99,750.0,135,2176.2,129.0,3223.71,2698.9199999999996,14.25,57049.77,1047.5100000000002,32.49392780367962,0.9555555555555556,1.4813482216708025,16.119999999999997,Medium,96.72
7239,REMY COINTREAU USA INC,1310,Remy Martin XO Excelence VAP,119.99,159.99,750.0,18,2159.8199999999997,33.0,5279.67,3839.76,25.98,50936.01,3119.8500000000004,59.09176141690674,1.8333333333333333,2.4444953746145517,119.98999999999998,Small,-1799.85
10754,PERFECTA WINES,21472,Ch Haut Bailly Pessac-Leogan,79.99,115.99,750.0,27,2159.73,42.0,4871.58,2087.8199999999997,4.71,86161.56,2711.85,55.66674467010703,1.5555555555555556,2.255643066494423,79.99,Small,-1199.85
90024,VINILANDIA USA,16370,Zinsane Znfdl Lodi,5.44,7.99,750.0,396,2154.24,5553.0,44368.47,19799.22,618.9300000000001,8407.92,42214.23,95.14466016069521,14.022727272727273,20.595880681818183,5.4399999999999995,Large,-28054.08
4425,MARTIGNETTI COMPANIES,23190,Walt La Brisa Pnt Nr,26.52,38.99,750.0,81,2148.12,72.0,2807.28,1754.5500000000002,7.98,434787.72000000003,659.1600000000003,23.480379584508857,0.8888888888888888,1.3068543656778953,26.52,Medium,238.68
3960,DIAGEO NORTH AMERICA INC,4751,Capt Morgan Cannon Blast,0.72,0.99,50.0,2979,2144.88,2985.0,2955.15,959.31,154.86,771096.21,810.27,27.41891274554591,1.002014098690836,1.3777693856998994,0.7200000000000001,Large,-4.32
9165,ULTRA BEVERAGE COMPANY LLP,22600,Jos Phelps Insignia 11,236.84,359.99,1500.0,9,2131.56,15.0,5399.85,5399.85,3.3,204164.1,3268.2900000000004,60.52557015472652,1.6666666666666667,2.533285481056128,236.84,Small,-1421.04
2242,DELICATO VINEYARDS INC,18344,Gnarly Head Authentic White,6.07,9.99,750.0,351,2130.57,357.0,3209.43,1699.1100000000001,39.660000000000004,23947.95,1078.8599999999997,33.61531486899542,1.017094017094017,1.5063715343781239,6.07,Large,-36.42
8004,SAZERAC CO INC,3004,Clix Vodka,234.37,299.99,750.0,9,2109.33,18.0,5399.82,5399.82,14.22,150880.86000000002,3290.49,60.93703123437449,2.0,2.559969279344626,234.37,Small,-2109.33
9552,M S WALKER INC,15477,Vietti Nebbiolo Perbacco DOC,16.66,24.99,750.0,126,2099.16,87.0,2174.13,1274.49,9.69,166655.46,74.97000000000025,3.4482758620689773,0.6904761904761905,1.0357142857142858,16.66,Medium,649.74
10754,PERFECTA WINES,20508,Calaches Lanessan Haut-Medoc,12.92,18.99,750.0,162,2093.04,189.0,3589.1099999999997,1709.1,21.0,86161.56,1496.0699999999997,41.68359286842699,1.1666666666666667,1.714783281733746,12.92,Medium,-348.84
9552,M S WALKER INC,2727,Grand Macnish Black Edition,19.37,29.99,750.0,108,2091.96,567.0,14394.33,13269.779999999999,447.54,166655.46,12302.369999999999,85.46677754365781,5.25,6.8807864395112714,19.37,Medium,-8890.83
9552,M S WALKER INC,24671,Palacios Bolo Godello Valdeo,9.58,13.99,750.0,216,2069.2799999999997,267.0,3735.33,2350.32,29.67,166655.46,1666.0500000000002,44.602484921011,1.2361111111111112,1.805135119461842,9.579999999999998,Medium,-488.58
3950,"HOOD RIVER DISTILLERS, Inc.",2915,Pendleton Limited Edition,16.41,21.99,750.0,126,2067.66,375.0,8246.25,6069.24,295.68,352.56,6178.59,74.92605729877218,2.9761904761904763,3.9882040567598156,16.41,Medium,-4086.09
9165,ULTRA BEVERAGE COMPANY LLP,20425,Fattoria Pagliaatura Verm 11,8.16,18.99,750.0,252,2056.32,369.0,4424.31,2014.32,41.160000000000004,204164.1,2367.9900000000002,53.522244146544885,1.4642857142857142,2.1515668767507004,8.16,Medium,-954.72
9165,ULTRA BEVERAGE COMPANY LLP,22621,A Bichot Adelie Mercury,22.81,33.99,750.0,90,2052.9,72.0,2447.28,1529.5500000000002,7.98,204164.1,394.3800000000001,16.11503383348044,0.8,1.1921087242437527,22.810000000000002,Medium,410.58
9165,ULTRA BEVERAGE COMPANY LLP,25188,Ch Les Granges Brdx,6.16,10.99,750.0,333,2051.28,1089.0,10198.11,7219.29,120.42,204164.1,8146.83,79.88568470040036,3.27027027027027,4.971583596583597,6.160000000000001,Large,-4656.96
10754,PERFECTA WINES,20514,Marquis de Calon St Estephe,18.95,39.99,750.0,108,2046.6,96.0,2783.04,782.7299999999999,10.74,86161.56,736.44,26.461710934805105,0.8888888888888888,1.3598358252711815,18.95,Medium,227.39999999999998
2000,SOUTHERN WINE & SPIRITS NE,24330,Ch Reserve de la Comtesse 12,32.41,46.99,750.0,63,2041.83,369.0,17339.31,11700.51,40.89,57049.77,15297.480000000001,88.22427190009292,5.857142857142857,8.49204390179398,32.41,Small,-9917.46
4425,MARTIGNETTI COMPANIES,18046,Ch La Louviere Pssc-Leg Roug,17.44,43.99,750.0,117,2040.48,84.0,2183.16,779.6999999999999,9.42,434787.72000000003,142.67999999999984,6.535480679382173,0.717948717948718,1.0699247235944482,17.44,Medium,575.5200000000001
9165,ULTRA BEVERAGE COMPANY LLP,20377,Duval-Leroy Prestige Rose,28.1,59.99,750.0,72,2023.2,198.0,8512.02,4771.89,22.080000000000002,204164.1,6488.820000000001,76.23125885512488,2.75,4.207206405693951,28.1,Small,-3540.6000000000004
7245,PROXIMO SPIRITS INC.,8434,1800 Select Silver Tequila,20.43,27.99,750.0,99,2022.57,213.0,6387.87,5398.2,168.09,116984.34,4365.3,68.33733310164422,2.1515151515151514,3.158293656091013,20.43,Medium,-2329.02
9165,ULTRA BEVERAGE COMPANY LLP,44278,Scala Dei Negre Priorat,6.07,18.99,750.0,333,2021.3100000000002,126.0,2362.74,1337.28,13.98,204164.1,341.4299999999996,14.450595495060803,0.3783783783783784,1.1689152084539232,6.07,Large,1256.49
653,STATE WINE & SPIRITS,19656,Manifesto! Chard No Cst,5.91,8.99,750.0,342,2021.22,1518.0,13646.82,5340.06,169.32,24044.94,11625.6,85.18907701574433,4.43859649122807,6.751773681242022,5.91,Large,-6950.16
4425,MARTIGNETTI COMPANIES,25467,Schug Cab Svgn,17.23,24.99,750.0,117,2015.9099999999999,543.0,13569.57,9221.31,60.03,434787.72000000003,11553.66,85.143891810868,4.641025641025641,6.7312380016965045,17.23,Medium,-7339.9800000000005
4425,MARTIGNETTI COMPANIES,20407,Riondo Blu Prosecco,9.33,13.99,750.0,216,2015.28,561.0,8112.39,5093.49,62.22,434787.72000000003,6097.110000000001,75.15799906069604,2.5972222222222223,4.0254406335596045,9.33,Medium,-3218.85
4425,MARTIGNETTI COMPANIES,21216,Il Poggione Monalcino Rsv 07,74.49,110.99,750.0,27,2011.23,69.0,7658.3099999999995,3662.6699999999996,7.71,434787.72000000003,5647.08,73.73793957152427,2.5555555555555554,3.8077743470413625,74.49,Small,-3128.58
9744,FREDERICK WILDMAN & SONS,24393,Ch Fuisse Pouilly Fuisse Les,37.23,53.99,750.0,54,2010.42,45.0,2429.55,1781.67,4.98,11999.79,419.1300000000001,17.251342841266904,0.8333333333333334,1.2084788253200824,37.230000000000004,Small,335.07
10754,PERFECTA WINES,16527,Vinyes Domenech Furvus,22.29,45.99,750.0,90,2006.1000000000001,63.0,2078.37,1088.67,7.0200000000000005,86161.56,72.26999999999975,3.477244186550025,0.7,1.03602512337371,22.290000000000003,Medium,601.8299999999999
9552,M S WALKER INC,18851,Atalon Pauline's Cuvee Red N,13.07,28.99,750.0,153,1999.71,354.0,7076.46,3658.1699999999996,39.39,166655.46,5076.75,71.74137916415835,2.3137254901960786,3.538743117752074,13.07,Medium,-2627.07
4425,MARTIGNETTI COMPANIES,40454,Yellow Tail Cab/Merlot Ausl,5.29,14.99,1500.0,378,1999.62,300.0,2817.0,1138.8,67.2,434787.72000000003,817.3800000000001,29.01597444089457,0.7936507936507936,1.408767665856513,5.29,Large,412.62
4425,MARTIGNETTI COMPANIES,20702,Sanford La Riconda Pnt Nr,24.67,58.99,750.0,81,1998.27,60.0,2279.4,1139.7,6.66,434787.72000000003,281.1300000000001,12.333508818110033,0.7407407407407407,1.1406866939903018,24.669999999999998,Medium,518.07
90027,POVERTY LANE ORCHARDS,21103,Farnum Hill Dooryard Still,7.89,11.99,750.0,252,1988.2800000000002,345.0,4136.55,2338.05,38.370000000000005,689.64,2148.27,51.93385792508249,1.369047619047619,2.080466533888587,7.890000000000001,Medium,-733.77
9819,TREASURY WINE ESTATES,21475,Ch St Jean Cinq Cep Cab Svgn,55.17,79.99,750.0,36,1986.1200000000001,51.0,4079.49,3119.6099999999997,5.64,44509.71,2093.37,51.31450254811263,1.4166666666666667,2.05399975832276,55.17,Small,-827.5500000000001
653,STATE WINE & SPIRITS,2809,Full Throttle Blackberry,14.7,19.99,750.0,135,1984.5,273.0,5457.2699999999995,2218.89,215.13,24044.94,3472.7699999999995,63.635663985839074,2.022222222222222,2.74994708994709,14.7,Medium,-2028.6
10754,PERFECTA WINES,21449,Chateau d'Issan Margaux,36.23,69.99,750.0,54,1956.42,60.0,3239.4,1781.67,6.66,86161.56,1282.98,39.60548249675866,1.1111111111111112,1.6557794338638943,36.230000000000004,Small,-217.38
17035,PERNOD RICARD USA,21690,Kenwood Chard 12,5.55,8.49,750.0,351,1948.05,720.0,6112.8,1655.55,80.67,371340.66,4164.75,68.13162544169612,2.051282051282051,3.137907137907138,5.55,Large,-2047.95
7239,REMY COINTREAU USA INC,2739,Bruichladdich Rocks Sngl Mlt,35.96,49.99,750.0,54,1941.84,54.0,2699.46,1649.67,42.54,50936.01,757.6200000000001,28.065613122624526,1.0,1.3901557285873194,35.96,Small,0.0
9552,M S WALKER INC,20639,Antigal Uno Cab Mendza,9.73,14.99,750.0,198,1926.5400000000002,144.0,2347.56,1583.04,15.93,166655.46,421.01999999999975,17.934365894801402,0.7272727272727273,1.2185368588246284,9.73,Medium,525.4200000000001
9165,ULTRA BEVERAGE COMPANY LLP,20428,Fattoria Poggio Red 10,35.52,53.99,750.0,54,1918.0800000000002,81.0,4373.1900000000005,3077.4300000000003,8.94,204164.1,2455.1100000000006,56.14002593072792,1.5,2.2799831081081083,35.52,Small,-959.0400000000001
1128,BROWN-FORMAN CORP,1032,Woodford Rsv MC Classic Malt,70.86,89.99,750.0,27,1913.22,24.0,2369.76,1469.85,18.9,205805.04,456.5400000000002,19.265242049827837,0.8888888888888888,1.23862389061373,70.86,Small,212.57999999999998
3664,WILLIAM GRANT & SONS INC,2812,Hudson Manhattan Rye,30.3,39.99,375.0,63,1908.9,168.0,7483.320000000001,6838.47,65.61,90703.26,5574.42,74.49126858132486,2.6666666666666665,3.9202263083451205,30.3,Small,-3181.5
10754,PERFECTA WINES,25020,Ch de Pierreux Brouilly Rsv,17.56,25.99,750.0,108,1896.48,198.0,5044.0199999999995,3802.4999999999995,21.900000000000002,86161.56,3147.5399999999995,62.40141791666171,1.8333333333333333,2.659674765882055,17.56,Medium,-1580.3999999999999
2000,SOUTHERN WINE & SPIRITS NE,23295,Ch Giscours Margaux 11 Gr Cr,42.1,63.99,750.0,45,1894.5,48.0,3071.52,1919.7,5.3100000000000005,57049.77,1177.02,38.320440693858416,1.0666666666666667,1.6212826603325416,42.1,Small,-126.30000000000001
9165,ULTRA BEVERAGE COMPANY LLP,16947,Altadonna Nero D'Avola,7.48,13.99,750.0,252,1884.96,342.0,4784.58,3189.7200000000003,37.86,204164.1,2899.62,60.60343854633008,1.3571428571428572,2.538292589763178,7.48,Medium,-673.2
9165,ULTRA BEVERAGE COMPANY LLP,3355,Truuli Peak Vodka,18.79,24.99,750.0,99,1860.21,321.0,7909.29,6432.389999999999,253.23000000000002,204164.1,6049.08,76.48069548594123,3.242424242424242,4.2518264066960185,18.79,Medium,-4171.38
653,STATE WINE & SPIRITS,23257,Jason Stephens Syrah,9.33,13.99,750.0,198,1847.34,2832.0,39619.68,24720.33,314.28000000000003,24044.94,37772.340000000004,95.3373172120522,14.303030303030303,21.446880379356266,9.33,Medium,-24575.22
4425,MARTIGNETTI COMPANIES,22702,Peter Michael Danseuse Pnt N,68.24,100.99,750.0,27,1842.48,81.0,8315.19,2816.73,9.06,434787.72000000003,6472.710000000001,77.84199759716857,3.0,4.513042203985933,68.24,Small,-3684.9599999999996
4425,MARTIGNETTI COMPANIES,22352,Terlato Fmly Vyd Angels Peak,22.72,34.99,750.0,81,1840.32,99.0,3464.01,2099.4,10.95,434787.72000000003,1623.6900000000003,46.873132583335504,1.2222222222222223,1.8822867762128328,22.72,Medium,-408.96
7153,PINE STATE TRADING CO,6532,LeCompte Calvados 12 Yr Old,51.09,69.99,750.0,36,1839.2400000000002,45.0,3149.5499999999997,1679.7599999999998,35.46,47654.46,1310.3099999999995,41.60308615516501,1.25,1.7124192601291834,51.09,Small,-459.81000000000006
7749,R.P.IMPORTS INC,19590,Haut-Carles Fronsac 10,33.99,50.99,750.0,54,1835.46,39.0,1988.6100000000001,1223.76,4.3500000000000005,274.5,153.1500000000001,7.701359240876797,0.7222222222222222,1.083439573730836,33.99,Small,509.85
10754,PERFECTA WINES,20515,Lions de Suduiraut Sauternes,12.74,18.99,375.0,144,1834.56,324.0,6152.759999999999,3987.8999999999996,18.72,86161.56,4318.199999999999,70.18313732373763,2.25,3.3538069073783356,12.74,Medium,-2293.2
9552,M S WALKER INC,4399,Screech Honey Rum,10.15,12.99,750.0,180,1827.0,300.0,4011.0,3687.2400000000002,236.79000000000002,166655.46,2184.0,54.45026178010471,1.6666666666666667,2.1954022988505746,10.15,Medium,-1218.0
10754,PERFECTA WINES,23185,Lee Family Farm Albarino Mon,8.78,17.99,750.0,207,1817.46,219.0,3939.8099999999995,2374.68,24.27,86161.56,2122.3499999999995,53.869349029521715,1.0579710144927537,2.167756099171371,8.78,Medium,-105.35999999999999
653,STATE WINE & SPIRITS,2719,Full Throttle Apple Whiskey,15.5,19.99,750.0,117,1813.5,216.0,4317.84,2998.4999999999995,170.4,24044.94,2504.34,57.99983324995831,1.8461538461538463,2.3809429280397025,15.5,Medium,-1534.5
4425,MARTIGNETTI COMPANIES,1262,Fitch's Goat Moonshine,16.79,21.99,750.0,108,1813.32,267.0,5871.33,3760.2899999999995,210.57,434787.72000000003,4058.01,69.11568588377762,2.4722222222222223,3.237889616835418,16.79,Medium,-2669.6099999999997
10754,PERFECTA WINES,24166,Enzo Boglietti Barolo Fosati,50.33,74.99,750.0,36,1811.8799999999999,96.0,7199.04,4499.4,10.68,86161.56,5387.16,74.83164421922923,2.6666666666666665,3.9732432611431223,50.33,Small,-3019.7999999999997
10754,PERFECTA WINES,20519,La Croix de Carbonnieux Roug,12.58,25.99,750.0,144,1811.52,198.0,3760.02,2221.83,21.990000000000002,86161.56,1948.5,51.82153286418689,1.375,2.075616057233704,12.58,Medium,-679.32
9552,M S WALKER INC,24555,Claude Riffault Chass Sancer,18.24,26.99,750.0,99,1805.76,99.0,2672.0099999999998,1619.3999999999999,10.98,166655.46,866.2499999999998,32.41941459799925,1.0,1.4797149122807016,18.24,Medium,0.0
9552,M S WALKER INC,2632,Partida Tequila Blanco,33.33,43.99,750.0,54,1799.82,69.0,3035.31,263.94,54.33,166655.46,1235.49,40.703914921375414,1.2777777777777777,1.6864519785311864,33.33,Small,-499.95
4425,MARTIGNETTI COMPANIES,4556,Austin Cocktails Vodkarita,11.71,14.99,750.0,153,1791.63,471.0,7060.29,5666.22,371.55,434787.72000000003,5268.66,74.6238468958074,3.0784313725490198,3.9407076237839282,11.71,Medium,-3723.78
7749,R.P.IMPORTS INC,19125,Ch Poujeaux 10 Moulis,33.11,50.99,750.0,54,1787.94,51.0,2600.4900000000002,1682.67,5.640000000000001,274.5,812.5500000000002,31.246034401209005,0.9444444444444444,1.454461559112722,33.11,Small,99.33
10754,PERFECTA WINES,21435,Ch Phelan Segur St Estephe,24.83,49.99,750.0,72,1787.7599999999998,66.0,2507.34,1025.73,7.38,86161.56,719.5800000000004,28.69893991241716,0.9166666666666666,1.4025036917707077,24.83,Small,148.98
9165,ULTRA BEVERAGE COMPANY LLP,23392,Stonehedge Amador 12 Znfdl,6.62,9.99,750.0,270,1787.4,1110.0,11088.9,3566.4300000000003,124.26,204164.1,9301.5,83.88117847577308,4.111111111111111,6.2039274924471295,6.62,Medium,-5560.8
4425,MARTIGNETTI COMPANIES,25140,Nicole Chanrion Cote de Brou,16.55,24.99,750.0,108,1787.3999999999999,306.0,7646.94,6222.509999999999,33.69,434787.72000000003,5859.54,76.62594449544524,2.8333333333333335,4.278247734138973,16.549999999999997,Medium,-3276.9
6213,MHW LTD,4605,Camus Elegance XO,99.23,129.99,750.0,18,1786.14,123.0,15988.77,12479.04,96.9,28864.74,14202.630000000001,88.82878420291243,6.833333333333333,8.951577144008867,99.23,Small,-10419.15
3924,HEAVEN HILL DISTILLERIES,1214,Apple Orchard Liqueur,5.34,6.99,750.0,333,1778.22,606.0,6053.9400000000005,4015.98,477.63,42209.61,4275.72,70.62706270627062,1.8198198198198199,3.404494382022472,5.34,Large,-1457.82
4425,MARTIGNETTI COMPANIES,35714,Miner Chard Napa,19.73,29.99,750.0,90,1775.7,198.0,5938.0199999999995,3328.89,22.05,434787.72000000003,4162.32,70.09609263693959,2.2,3.3440446021287378,19.73,Medium,-2130.84
10754,PERFECTA WINES,25159,L'Eglise Saint-Hilaire Borde,7.89,11.99,750.0,225,1775.2500000000002,558.0,6498.42,4136.43,61.83,86161.56,4723.17,72.68182111959523,2.48,3.6605661174482464,7.890000000000001,Medium,-2627.37
9552,M S WALKER INC,24881,Monjardin El Cerezo Chard,8.21,13.99,750.0,216,1773.36,309.0,3782.91,2991.57,34.14,166655.46,2009.55,53.12180305637724,1.4305555555555556,2.1331878467992964,8.209999999999999,Medium,-763.5300000000001
17033,SEA BREEZE CELLARS LLC,21643,Gruet Bl de Bl 25th Annivrsy,12.25,18.99,750.0,144,1764.0,93.0,1766.07,911.52,10.35,1648.6499999999999,2.0699999999999363,0.11720939713601025,0.6458333333333334,1.001173469387755,12.25,Medium,624.75
10754,PERFECTA WINES,24195,Casa E Mirafiori Barb d'Alba,16.33,27.99,750.0,108,1763.64,111.0,2917.89,2255.1299999999997,12.3,86161.56,1154.2499999999998,39.557694087165714,1.0277777777777777,1.6544703000612369,16.330000000000002,Medium,-48.989999999999995
4692,KOBRAND CORPORATION,24728,Nardi Rosso di Montalcino 13,15.06,21.99,750.0,117,1762.02,180.0,3958.2,2308.95,19.98,27418.14,2196.18,55.48431105047749,1.5384615384615385,2.2463990193073857,15.06,Medium,-948.7800000000001
12546,JIM BEAM BRANDS COMPANY,1393,Jim Beam,3.14,4.99,200.0,558,1752.1200000000001,900.0,4491.0,1317.3600000000001,189.0,371642.91,2738.88,60.985971943887776,1.6129032258064515,2.563180604068214,3.14,Large,-1073.88
4425,MARTIGNETTI COMPANIES,38714,Dom Clape Cornas Rd,64.86,95.99,750.0,27,1751.22,36.0,3455.64,2591.73,3.99,434787.72000000003,1704.4199999999998,49.322846129805185,1.3333333333333333,1.9732757734607873,64.86,Small,-583.74
10754,PERFECTA WINES,23633,Chateau Simon Bordeaux Blanc,9.67,16.99,750.0,180,1740.6000000000001,288.0,4875.12,3447.9599999999996,31.89,86161.56,3134.5199999999995,64.29626347659135,1.6,2.800827300930713,9.67,Medium,-1044.36
9552,M S WALKER INC,22966,Adelsheim Auxerrois Ribbon S,14.86,21.99,750.0,117,1738.62,123.0,2704.77,2177.0099999999998,13.620000000000001,166655.46,966.1500000000001,35.720227597910366,1.0512820512820513,1.5556993477585672,14.86,Medium,-89.16
12546,JIM BEAM BRANDS COMPANY,3008,Pinnacle Red Liquorice,11.31,20.99,1750.0,153,1730.43,159.0,2479.41,1085.31,292.2,371642.91,748.9799999999998,30.207993030600015,1.0392156862745099,1.4328288344515523,11.31,Medium,-67.86
2,"IRA GOLDMAN AND WILLIAMS, LLP",90085,Ch Lilian 09 Ladouys St Este,23.86,36.99,750.0,72,1717.92,54.0,1997.46,887.76,6.0,81.24,279.53999999999996,13.994773362169955,0.75,1.1627200335289187,23.86,Small,429.48
4692,KOBRAND CORPORATION,3962,Vikingfjord Vodka,11.93,21.99,1750.0,144,1717.92,207.0,3309.93,959.4,380.37,27418.14,1592.0099999999998,48.09799603012752,1.4375,1.9267078792958925,11.93,Medium,-751.59
10754,PERFECTA WINES,16678,Neal Fifteen Forty Cab Svgn,63.51,93.99,750.0,27,1714.77,96.0,9023.039999999999,7613.19,10.56,86161.56,7308.269999999999,80.99565113309926,3.5555555555555554,5.2619534981367755,63.51,Small,-4382.19
9625,WESTERN SPIRITS BEVERAGE CO,4921,Twenty Grand Cognac,15.87,26.99,750.0,108,1713.96,249.0,4977.509999999999,3598.2,196.35,5799.57,3263.5499999999993,65.56591548786442,2.3055555555555554,2.9040992788629834,15.870000000000001,Medium,-2237.67
4425,MARTIGNETTI COMPANIES,25012,Virtu St Supery White Blend,13.6,19.99,750.0,126,1713.6,132.0,2638.68,1739.1299999999999,14.64,434787.72000000003,925.0799999999999,35.05843831006412,1.0476190476190477,1.5398459383753502,13.6,Medium,-81.6
8352,LUXCO INC,2239,Rebel Yell American Whisky,15.78,21.99,750.0,108,1704.24,480.0,10075.199999999999,8815.8,378.81,30784.8,8370.96,83.08480228680324,4.444444444444445,5.9118434023376984,15.78,Medium,-5870.16
4425,MARTIGNETTI COMPANIES,25004,Tenuta Sette Cieli Yantra,14.56,21.99,750.0,117,1703.52,99.0,2177.0099999999998,1517.31,10.98,434787.72000000003,473.4899999999998,21.749555583116283,0.8461538461538461,1.2779480135249364,14.56,Medium,262.08
7153,PINE STATE TRADING CO,23543,Guillermo Mndza Kosher Malbc,8.6,12.99,750.0,198,1702.8,198.0,2590.02,1459.89,22.02,47654.46,887.22,34.25533393564529,1.0,1.5210359408033827,8.6,Medium,0.0
90027,POVERTY LANE ORCHARDS,43923,Farnum Hill Summer Cider,8.21,11.99,750.0,207,1699.47,351.0,4208.49,2553.87,39.0,689.64,2509.0199999999995,59.61805778319539,1.6956521739130435,2.4763543928401206,8.21,Medium,-1182.2400000000002
6785,PALM BAY INTERNATIONAL INC,24012,Bertani Secco 11 Orig V Ed,17.12,24.99,750.0,99,1694.88,183.0,4573.17,2174.1299999999997,20.37,40816.23,2878.29,62.93861807017889,1.8484848484848484,2.6982264231096007,17.12,Medium,-1438.0800000000002
4692,KOBRAND CORPORATION,25076,Jadot Monthelie 13 Sous Roch,23.48,34.99,750.0,72,1690.5600000000002,105.0,3673.9500000000003,2624.25,11.61,27418.14,1983.39,53.985220267015066,1.4583333333333333,2.1732147927314025,23.480000000000004,Small,-774.84
10754,PERFECTA WINES,25160,Cinq les Pattes Bordeaux Bla,7.79,11.99,750.0,216,1682.64,324.0,3800.76,2913.51,35.73,86161.56,2118.12,55.728854229154166,1.5,2.258807588075881,7.79,Medium,-841.32
4692,KOBRAND CORPORATION,20668,Taylor Fladgate 11 Port,31.07,45.99,375.0,54,1677.78,39.0,1793.6100000000001,965.7900000000001,2.25,27418.14,115.83000000000015,6.457925636007836,0.7222222222222222,1.0690376569037658,31.07,Small,466.05
6785,PALM BAY INTERNATIONAL INC,18357,Cavit Alta Luna Phases Rosso,6.62,10.99,750.0,252,1668.24,396.0,3956.04,2487.51,43.980000000000004,40816.23,2287.8,57.83055783055784,1.5714285714285714,2.371385412170911,6.62,Medium,-953.28
9552,M S WALKER INC,20670,Catena Zapata Nicasia Vyd,61.22,119.99,750.0,27,1652.94,24.0,2159.7599999999998,1349.85,2.64,166655.46,506.8199999999997,23.46649627736414,0.8888888888888888,1.3066173000834873,61.22,Small,183.66
4425,MARTIGNETTI COMPANIES,25137,Nicole Chanrion Cote de Brou,12.24,17.99,750.0,135,1652.3999999999999,399.0,7178.009999999999,5720.82,43.98,434787.72000000003,5525.61,76.97969214308702,2.9555555555555557,4.343990559186637,12.239999999999998,Medium,-3231.36
4692,KOBRAND CORPORATION,25069,Jadot Cote de Beaune Vlgs 13,20.26,29.99,750.0,81,1641.06,198.0,5938.0199999999995,3958.68,21.96,27418.14,4296.959999999999,72.36351511109763,2.4444444444444446,3.6184051771416033,20.259999999999998,Medium,-2370.42
12546,JIM BEAM BRANDS COMPANY,3618,Pinnacle Mimosa Vodka,7.29,10.99,750.0,225,1640.25,492.0,4915.08,3056.94,387.84000000000003,371642.91,3274.83,66.6282135794331,2.1866666666666665,2.996543209876543,7.29,Medium,-1946.43
9165,ULTRA BEVERAGE COMPANY LLP,20424,Viberti Barolo Rsv 06 Volta,60.64,93.99,750.0,27,1637.28,129.0,12196.71,7967.16,14.280000000000001,204164.1,10559.429999999998,86.5760520664999,4.777777777777778,7.449373350923483,60.64,Small,-6185.28
10754,PERFECTA WINES,21471,Ch Haut Marbuzet St Estephe,30.32,46.99,750.0,54,1637.28,69.0,3242.31,1268.73,7.710000000000001,86161.56,1605.03,49.50266939311787,1.2777777777777777,1.9803026971562592,30.32,Small,-454.8
4425,MARTIGNETTI COMPANIES,12539,Croix de Basson Rose Organic,9.08,13.99,750.0,180,1634.4,375.0,5246.25,2686.08,41.730000000000004,434787.72000000003,3611.85,68.84631879914225,2.0833333333333335,3.2098935389133625,9.08,Medium,-1770.6
4425,MARTIGNETTI COMPANIES,24136,Chanson Le Bourgogne Pnt Nr,15.03,22.99,750.0,108,1623.2400000000002,147.0,3379.5299999999997,1586.31,16.35,434787.72000000003,1756.2899999999995,51.968468988291264,1.3611111111111112,2.0819656982331627,15.030000000000003,Medium,-586.17
12546,JIM BEAM BRANDS COMPANY,3121,Pinnacle Rainbow Sherbet,6.93,9.99,750.0,234,1621.62,927.0,8809.23,6046.14,730.98,371642.91,7187.61,81.59180768353194,3.9615384615384617,5.432363932363932,6.93,Medium,-4802.49
10754,PERFECTA WINES,21447,Ch Leoville Barton St Julien,59.99,92.99,750.0,27,1619.73,105.0,9763.949999999999,4742.49,11.67,86161.56,8144.219999999999,83.41111947521239,3.888888888888889,6.028134318682743,59.99,Small,-4679.22
4692,KOBRAND CORPORATION,18284,Michele Chiarlo Arneis,11.18,16.99,750.0,144,1609.92,210.0,3423.8999999999996,1813.8899999999999,23.310000000000002,27418.14,1813.9799999999996,52.97993516165776,1.4583333333333333,2.126751639833035,11.18,Medium,-737.88
9744,FREDERICK WILDMAN & SONS,22440,S Aviron 12 Fleurie Madrieir,14.86,21.99,750.0,108,1604.88,147.0,3232.5299999999997,2506.8599999999997,16.23,11999.79,1627.6499999999996,50.35220090764818,1.3611111111111112,2.0141879766711526,14.860000000000001,Medium,-579.54
1392,CONSTELLATION BRANDS INC,15915,Simply Naked Cab Svgn,2.97,6.99,750.0,540,1603.8,561.0,2685.39,959.5500000000001,62.730000000000004,238586.97,1081.59,40.27683129824718,1.038888888888889,1.6743920688365133,2.9699999999999998,Large,-62.370000000000005
12546,JIM BEAM BRANDS COMPANY,4073,Calico Jack Pin/Coc Rum,5.9,9.99,750.0,270,1593.0,552.0,4134.4800000000005,2876.16,435.21000000000004,371642.91,2541.4800000000005,61.47036628548209,2.0444444444444443,2.595404896421846,5.9,Medium,-1663.8000000000002
7239,REMY COINTREAU USA INC,4518,Remy Martin VS Cognac,35.11,64.99,1750.0,45,1579.95,51.0,2345.49,1103.76,93.72,50936.01,765.5399999999997,32.63880894823682,1.1333333333333333,1.4845343207063513,35.11,Small,-210.66
4692,KOBRAND CORPORATION,11279,Cabreo Il Borgo Toscana,29.21,44.99,750.0,54,1577.34,51.0,2294.4900000000002,1889.5800000000002,5.61,27418.14,717.1500000000003,31.25531163788032,0.9444444444444444,1.4546578416828333,29.209999999999997,Small,87.63
2000,SOUTHERN WINE & SPIRITS NE,23308,Ch Canon St Emilion Gr Cr 11,87.58,126.99,750.0,18,1576.44,33.0,4190.67,2285.8199999999997,3.69,57049.77,2614.23,62.38214891652169,1.8333333333333333,2.658312400091345,87.58,Small,-1313.7
9744,FREDERICK WILDMAN & SONS,24387,Steph Avrn Julienas Vielles,13.42,19.99,750.0,117,1570.1399999999999,240.0,4797.599999999999,2938.5299999999997,26.61,11999.79,3227.4599999999996,67.27238619309655,2.051282051282051,3.055523711261416,13.419999999999998,Medium,-1650.66
17031,FLAG HILL WINERY & VINEYARD,32807,Flag Hill De Chaunac Red NH,7.58,12.99,750.0,207,1569.06,357.0,4637.43,2610.9900000000002,39.690000000000005,4719.93,3068.3700000000003,66.16531139014498,1.7246376811594204,2.9555466330159463,7.58,Medium,-1137.0
1485,CASTLE BRANDS CORP.,1000,Goslings Dark'n Stormy VAP,11.62,14.99,750.0,135,1568.7,186.0,3112.14,2257.65,146.64000000000001,25492.77,1543.4399999999998,49.594169928088064,1.3777777777777778,1.983897494740868,11.620000000000001,Medium,-592.62
6785,PALM BAY INTERNATIONAL INC,18431,Bertani Villa Arvedi Amarone,29.03,44.99,750.0,54,1567.6200000000001,84.0,3779.1600000000003,3374.25,9.27,40816.23,2211.54,58.51935350712856,1.5555555555555556,2.4107628124162743,29.03,Small,-870.9000000000001
9165,ULTRA BEVERAGE COMPANY LLP,20684,A Bichot Clos Marechaudes,58.06,127.49,750.0,27,1567.6200000000001,18.0,1619.82,1079.8799999999999,2.0100000000000002,204164.1,52.19999999999982,3.2225802866985105,0.6666666666666666,1.0332988862096681,58.06,Small,522.54
4425,MARTIGNETTI COMPANIES,23258,David Bruce Pnt Nr Anderson,19.35,29.99,750.0,81,1567.35,624.0,18713.760000000002,4048.6499999999996,70.02,434787.72000000003,17146.410000000003,91.62461205017057,7.703703703703703,11.93974543018471,19.349999999999998,Medium,-10507.050000000001
4425,MARTIGNETTI COMPANIES,3742,Spring 44 Vodka,21.7,27.99,750.0,72,1562.4,105.0,2938.95,2351.16,82.86,434787.72000000003,1376.5499999999997,46.83815648445873,1.4583333333333333,1.881048387096774,21.700000000000003,Small,-716.1
4692,KOBRAND CORPORATION,25057,Jadot Marsannay Clos Roy 13,21.56,32.99,750.0,72,1552.3200000000002,144.0,4750.56,3167.04,15.99,27418.14,3198.2400000000002,67.32343134283116,2.0,3.0602968460111315,21.560000000000002,Small,-1552.32
4425,MARTIGNETTI COMPANIES,21617,Querry Cider,4.79,9.99,750.0,324,1551.9599999999998,1140.0,7968.6,3963.33,126.9,434787.72000000003,6416.64,80.52405692342444,3.5185185185185186,5.134539549988403,4.789999999999999,Large,-3908.64
4425,MARTIGNETTI COMPANIES,20000,Soter Vyds Planet Oregon Pnt,7.18,20.99,750.0,216,1550.8799999999999,354.0,4163.46,1359.24,39.54,434787.72000000003,2612.58,62.75021256358894,1.6388888888888888,2.6845790776849277,7.18,Medium,-990.8399999999999
7749,R.P.IMPORTS INC,19604,Ch Lacoste-Borie Pauillac 10,28.66,42.99,750.0,54,1547.64,45.0,1934.55,1031.76,5.01,274.5,386.90999999999985,19.999999999999993,0.8333333333333334,1.25,28.66,Small,257.94
4425,MARTIGNETTI COMPANIES,11918,Ch de Beaucastel Pape Blanc,85.61,139.9,750.0,18,1540.98,24.0,2999.7599999999998,2249.8199999999997,2.64,434787.72000000003,1458.7799999999997,48.62989039123129,1.3333333333333333,1.946657321963945,85.61,Small,-513.66
7749,R.P.IMPORTS INC,19591,Goulee Cos d'Estournel 10,28.47,42.99,750.0,54,1537.3799999999999,39.0,1676.6100000000001,1031.76,4.32,274.5,139.23000000000025,8.3042568039079,0.7222222222222222,1.0905631659056318,28.47,Small,427.04999999999995
10754,PERFECTA WINES,20439,Torremoron Tinto,4.68,13.99,750.0,324,1516.32,546.0,3728.94,1406.76,61.050000000000004,86161.56,2212.62,59.33643341003073,1.6851851851851851,2.45920386198164,4.68,Large,-1038.96
4425,MARTIGNETTI COMPANIES,24993,Tardieu Laurent Le Becs Fins,12.92,18.99,750.0,117,1511.6399999999999,351.0,6665.49,4500.629999999999,38.94,434787.72000000003,5153.85,77.3213972266105,3.0,4.409442724458205,12.919999999999998,Medium,-3023.28
480,BACARDI USA INC,4042,Bacardi Dragon Berry,0.72,0.99,50.0,2097,1509.84,9708.0,9610.92,4422.33,499.2,267858.81,8101.08,84.29036970446117,4.629470672389127,6.365522174535051,0.72,Large,-5479.92
7245,PROXIMO SPIRITS INC.,3163,Three Olives Dude Vodka,8.82,12.99,750.0,171,1508.22,183.0,2743.17,1708.8600000000001,144.24,116984.34,1234.95,45.01908376075854,1.0701754385964912,1.8188129052790707,8.82,Medium,-105.84
9165,ULTRA BEVERAGE COMPANY LLP,23250,Ch de Jarnioux Bjls,3.94,12.99,750.0,378,1489.3200000000002,1965.0,11658.15,2725.7400000000002,220.56,204164.1,10168.83,87.2250743042421,5.198412698412699,7.827834179357021,3.9400000000000004,Large,-6252.78
4425,MARTIGNETTI COMPANIES,338,The Irishman Irish Whiskey,18.21,32.99,750.0,81,1475.01,75.0,1761.75,1197.99,59.07,434787.72000000003,286.74,16.27586206896552,0.9259259259259259,1.1943986820428336,18.21,Medium,109.26
9165,ULTRA BEVERAGE COMPANY LLP,23393,Havens Cab Svgn 11,11.68,17.99,750.0,126,1471.68,633.0,11387.67,4587.45,70.65,204164.1,9915.99,87.0765485828093,5.023809523809524,7.73787100456621,11.68,Medium,-5921.76
10754,PERFECTA WINES,21485,Ch Lynch Moussas Pauilac,23.22,45.99,750.0,63,1462.86,90.0,3239.1,1943.46,10.02,86161.56,1776.24,54.837454848569045,1.4285714285714286,2.2142241909683773,23.22,Small,-626.9399999999999
7153,PINE STATE TRADING CO,24411,Marques de Grinon 10 Cab Svg,27.02,39.99,750.0,54,1459.08,75.0,2999.25,2519.3700000000003,8.28,47654.46,1540.17,51.35183795948988,1.3888888888888888,2.0555761164569457,27.02,Small,-567.42
9552,M S WALKER INC,21424,Tons de Durum Douro Red,8.1,13.99,750.0,180,1458.0,180.0,2200.2,1205.01,20.01,166655.46,742.1999999999998,33.733296973002446,1.0,1.5090534979423866,8.1,Medium,0.0
4425,MARTIGNETTI COMPANIES,32065,Rosemount Cab Svgn/Merlot,4.76,11.99,750.0,306,1456.56,792.0,5536.08,2768.04,88.17,434787.72000000003,4079.52,73.68968656522304,2.588235294117647,3.800790904597133,4.76,Large,-2313.3599999999997
4425,MARTIGNETTI COMPANIES,24991,Ch Behere Courtin Pauillac,40.4,58.99,750.0,36,1454.4,135.0,7963.650000000001,5663.04,15.0,434787.72000000003,6509.25,81.73701757360004,3.75,5.475556930693069,40.400000000000006,Small,-3999.6
1601,VRANKEN AMERICA,25279,Pommery Cuvee Louise 2002,80.64,124.99,750.0,18,1451.52,63.0,7874.37,5624.55,6.96,3146.91,6422.85,81.56652532202577,3.5,5.424913194444445,80.64,Small,-3628.8
4425,MARTIGNETTI COMPANIES,6366,Duboeuf Pouilly Fuisse,13.42,19.99,750.0,108,1449.36,225.0,4923.75,3208.5299999999997,24.900000000000002,434787.72000000003,3474.3900000000003,70.56389946686977,2.0833333333333335,3.3971891041563174,13.42,Medium,-1570.14
4425,MARTIGNETTI COMPANIES,19395,Adissat Gabrielle Ch du Pape,26.84,39.99,750.0,54,1449.36,48.0,1919.52,1079.73,5.34,434787.72000000003,470.1600000000001,24.493623405851466,0.8888888888888888,1.3243914555389966,26.84,Small,161.04
10754,PERFECTA WINES,22105,Castello Di Cacchiano Chiant,26.66,39.99,750.0,54,1439.64,60.0,2399.4,1919.52,6.63,86161.56,959.76,40.0,1.1111111111111112,1.6666666666666665,26.66,Small,-159.96
4425,MARTIGNETTI COMPANIES,2913,Spring 44 Gin,19.99,27.99,750.0,72,1439.28,57.0,1595.4299999999998,1007.64,44.94,434787.72000000003,156.14999999999986,9.787330061488118,0.7916666666666666,1.1084917458729364,19.99,Small,299.84999999999997
4692,KOBRAND CORPORATION,25085,Jadot Marsannay 13,19.99,29.99,750.0,72,1439.28,126.0,3778.74,2429.19,13.950000000000001,27418.14,2339.46,61.91111322821894,1.75,2.6254377188594296,19.99,Small,-1079.4599999999998
9744,FREDERICK WILDMAN & SONS,22439,S Aviron Cd Brouilly 12 Viel,12.25,18.99,750.0,117,1433.25,150.0,2848.5,2335.77,16.53,11999.79,1415.25,49.68404423380727,1.2820512820512822,1.987441130298273,12.25,Medium,-404.25
9165,ULTRA BEVERAGE COMPANY LLP,22808,Honeymaker Spiced Mead,8.38,12.99,375.0,171,1432.98,183.0,2377.17,1441.89,10.62,204164.1,944.19,39.71907772687692,1.0701754385964912,1.6588996357241552,8.38,Medium,-100.56
7153,PINE STATE TRADING CO,24415,Hidalgo Gobernador Oloroso S,19.86,29.99,750.0,72,1429.92,90.0,2699.1,2519.16,9.9,47654.46,1269.1799999999998,47.02234078026008,1.25,1.887588116817724,19.86,Small,-357.48
4425,MARTIGNETTI COMPANIES,20600,Felino Vino Cobos Chard,7.56,15.99,750.0,189,1428.8400000000001,177.0,2033.73,861.75,19.77,434787.72000000003,604.8899999999999,29.742886223835015,0.9365079365079365,1.4233434114386494,7.5600000000000005,Medium,90.72
4425,MARTIGNETTI COMPANIES,22032,Hob Nob Wicked Red Ltd Ed,6.53,9.99,750.0,216,1410.48,153.0,1528.47,929.07,16.98,434787.72000000003,117.99000000000001,7.719484190072426,0.7083333333333334,1.0836523736600305,6.53,Medium,411.39000000000004
4425,MARTIGNETTI COMPANIES,22073,Opus One 11,156.46,229.99,750.0,9,1408.14,33.0,7589.67,6209.7300000000005,3.63,434787.72000000003,6181.53,81.44662416152481,3.6666666666666665,5.389854701947249,156.46,Small,-3755.04
1587,VINEYARD BRANDS INC,19785,Warre's Vintage Port 2011,25.97,39.99,375.0,54,1402.3799999999999,45.0,1799.55,1199.7,2.64,18210.27,397.1700000000001,22.07051762940736,0.8333333333333334,1.283211397766654,25.97,Small,233.73
4692,KOBRAND CORPORATION,20669,Croft Port 11,51.94,79.99,750.0,27,1402.3799999999999,39.0,3119.6099999999997,2159.73,4.32,27418.14,1717.2299999999998,55.046303864906186,1.4444444444444444,2.224511188123048,51.94,Small,-623.28
2000,SOUTHERN WINE & SPIRITS NE,23038,Zenato Lugana Brut,19.47,34.99,750.0,72,1401.84,69.0,2099.31,1466.52,7.62,57049.77,697.47,33.22377352558698,0.9583333333333334,1.4975389488101354,19.47,Small,58.41
3252,E & J GALLO WINERY,22361,Ecco Domani Prosecco,3.24,10.99,750.0,432,1399.68,630.0,3143.7,928.14,70.5,185900.73,1744.0199999999998,55.476667620956185,1.4583333333333333,2.2460133744855963,3.24,Large,-641.5200000000001
3960,DIAGEO NORTH AMERICA INC,366,Crown Royal w/2 Glasses,17.18,25.99,750.0,81,1391.58,399.0,8876.01,5730.419999999999,314.49,771096.21,7484.43,84.32200955158906,4.925925925925926,6.378368473246239,17.18,Medium,-5463.24
4425,MARTIGNETTI COMPANIES,25512,Sbragia Cab Svgn Monte Rosse,30.87,45.99,750.0,45,1389.15,159.0,7312.41,5104.89,17.61,434787.72000000003,5923.26,81.00284311191523,3.533333333333333,5.263945578231292,30.87,Small,-3519.1800000000003
4425,MARTIGNETTI COMPANIES,24135,Chanson Vire Clesse,15.43,22.99,750.0,90,1388.7,207.0,4758.929999999999,2827.77,22.98,434787.72000000003,3370.2299999999996,70.8190706734497,2.3,3.4268956578094616,15.43,Medium,-1805.31
4692,KOBRAND CORPORATION,25083,Jadot Rully 13,17.1,25.99,750.0,81,1385.1,129.0,3352.71,2183.16,14.31,27418.14,1967.6100000000001,58.68715158782001,1.5925925925925926,2.4205544726012564,17.099999999999998,Medium,-820.8000000000001
4692,KOBRAND CORPORATION,44666,San Guido Sassicaia Guildal,17.0,39.99,750.0,81,1377.0,84.0,2099.16,899.64,9.39,27418.14,722.1599999999999,34.40233236151603,1.037037037037037,1.5244444444444443,17.0,Medium,-51.0
2000,SOUTHERN WINE & SPIRITS NE,1215,Tullibardine Sherry Finish,50.77,64.99,750.0,27,1370.7900000000002,162.0,10528.38,10138.439999999999,127.92,57049.77,9157.589999999998,86.98004821254551,6.0,7.680519992121329,50.77000000000001,Small,-6853.950000000001
4692,KOBRAND CORPORATION,24724,Nozzole La Forra Chianti Gra,25.34,36.99,750.0,54,1368.36,39.0,1442.6100000000001,1331.64,4.29,27418.14,74.25000000000023,5.146921205315381,0.7222222222222222,1.0542620363062354,25.34,Small,380.1
10754,PERFECTA WINES,23807,Couly-Dutheil Chinon Rose,12.66,19.99,750.0,108,1367.28,183.0,3658.1699999999996,2578.7099999999996,20.22,86161.56,2290.8899999999994,62.6239349182788,1.6944444444444444,2.6755090398455326,12.66,Medium,-949.5
10754,PERFECTA WINES,23962,Enzo Boglietti Dolcetto Alba,12.66,18.99,750.0,108,1367.28,180.0,3766.2,2632.74,19.89,86161.56,2398.92,63.69603313684882,1.6666666666666667,2.7545199227663684,12.66,Medium,-911.52
2561,EDRINGTON AMERICAS,2118,The Glenturret 27 Yr Old,151.51,199.99,750.0,9,1363.59,63.0,12599.37,9599.52,49.65,28963.5,11235.78,89.17731600865757,7.0,9.23985215497327,151.51,Small,-8181.539999999999
10754,PERFECTA WINES,21699,Terra de Touros White,2.39,3.49,750.0,567,1355.1299999999999,804.0,2859.96,641.7,90.15,86161.56,1504.8300000000002,52.61716947090169,1.417989417989418,2.1104691062850063,2.3899999999999997,Large,-566.4300000000001
4692,KOBRAND CORPORATION,11280,Cabreo La Pietra White,18.82,28.99,750.0,72,1355.04,126.0,3760.74,2618.13,13.98,27418.14,2405.7,63.968793375771796,1.75,2.7753719447396388,18.82,Small,-1016.28
90024,VINILANDIA USA,44764,Poggio Amorelli Chianti Clsc,12.49,18.99,750.0,108,1348.92,72.0,1367.28,113.94,8.100000000000001,8407.92,18.3599999999999,1.342812006319108,0.6666666666666666,1.0136108887109687,12.49,Medium,449.64
8004,SAZERAC CO INC,3688,Bowman's Light Vodka,3.56,5.99,1750.0,378,1345.68,336.0,1856.64,811.4100000000001,617.58,150880.86000000002,510.96000000000004,27.520682523267837,0.8888888888888888,1.3797039415016943,3.56,Large,149.52
98450,Serralles Usa LLC,6877,Original Wondermint Schnapps,13.56,18.99,750.0,99,1342.44,198.0,3760.02,3133.35,156.27,2568.06,2417.58,64.29699842022116,2.0,2.8008849557522124,13.56,Medium,-1342.44
17031,FLAG HILL WINERY & VINEYARD,41215,Flag Hill Wild Blueberry Fr,9.86,14.49,750.0,135,1331.1,234.0,3390.6600000000003,1695.33,26.07,4719.93,2059.5600000000004,60.742156394330316,1.7333333333333334,2.5472616632860046,9.86,Medium,-976.14
7153,PINE STATE TRADING CO,22567,Our Daily Red Cab Svgn,3.21,4.79,750.0,414,1328.94,156.0,1738.44,860.19,17.31,47654.46,409.5,23.55560157382481,0.37681159420289856,1.3081403223621835,3.21,Large,828.18
2000,SOUTHERN WINE & SPIRITS NE,19694,Ch Pichon Longueville Rsv Co,49.01,74.99,750.0,27,1323.27,84.0,6299.16,4274.429999999999,9.33,57049.77,4975.889999999999,78.99291334082639,3.111111111111111,4.760298351810288,49.01,Small,-2793.5699999999997
90024,VINILANDIA USA,19157,Inman Family Endless Crush,16.21,25.99,750.0,81,1313.0099999999998,135.0,3778.6499999999996,2267.19,14.97,8407.92,2465.64,65.25187566988211,1.6666666666666667,2.877853177051203,16.209999999999997,Medium,-875.34
12546,JIM BEAM BRANDS COMPANY,2036,Jim Beam Signature Craft Ltd,29.13,36.99,750.0,45,1310.85,348.0,13250.52,11310.03,274.65000000000003,371642.91,11939.67,90.1071806993235,7.733333333333333,10.10834191555098,29.13,Small,-8826.39
4425,MARTIGNETTI COMPANIES,17118,Heitz Martha's Vyd Cab Svgn,145.15,224.99,750.0,9,1306.3500000000001,9.0,2024.91,1349.94,0.99,434787.72000000003,718.56,35.486021600960036,1.0,1.5500516706854977,145.15,Small,0.0
17035,PERNOD RICARD USA,3193,Absolut Wild Tea,11.15,16.99,750.0,117,1304.55,186.0,2705.64,1575.42,146.52,371340.66,1401.09,51.784051093271835,1.5897435897435896,2.0740025296079105,11.15,Medium,-769.35
7153,PINE STATE TRADING CO,21413,Ch de Berne Rose,10.34,19.99,750.0,126,1302.84,90.0,1349.1,494.67,10.05,47654.46,46.25999999999999,3.4289526350900594,0.7142857142857143,1.035507046145344,10.34,Medium,372.24
2000,SOUTHERN WINE & SPIRITS NE,16503,Lafite Rsv Speciale Bl Brdx,5.99,8.99,750.0,216,1293.84,84.0,1457.1599999999999,1145.34,9.27,57049.77,163.31999999999994,11.208103434077243,0.3888888888888889,1.1262289000185495,5.989999999999999,Medium,790.6800000000001
2000,SOUTHERN WINE & SPIRITS NE,23284,Ch Les Carruades 11 Lafitte,142.85,219.99,750.0,9,1285.6499999999999,57.0,12539.43,6599.700000000001,6.36,57049.77,11253.78,89.74714161648495,6.333333333333333,9.753377668883445,142.85,Small,-6856.799999999999
90047,CRUSH WINES,16140,Ravines Meritage,15.86,24.99,750.0,81,1284.6599999999999,183.0,4417.17,3304.62,20.25,4373.19,3132.51,70.91667289237226,2.259259259259259,3.438396151510906,15.859999999999998,Medium,-1617.72
2000,SOUTHERN WINE & SPIRITS NE,23338,Ch Talbot St Julien 11 GC,35.48,54.99,750.0,36,1277.28,24.0,1319.76,989.82,2.67,57049.77,42.48000000000002,3.218767048554284,0.6666666666666666,1.0332581736189403,35.48,Small,425.76
9552,M S WALKER INC,20008,Steele Out Kaste Lke Cty Red,14.19,21.99,750.0,90,1277.1,108.0,2374.9199999999996,1121.49,12.03,166655.46,1097.8199999999997,46.22555707139608,1.2,1.8596194503171246,14.19,Medium,-255.42
10754,PERFECTA WINES,39013,JJ Prum Bernkasteler Bads 11,17.64,36.99,750.0,72,1270.08,51.0,1376.49,647.76,5.7,86161.56,106.41000000000008,7.730532005317879,0.7083333333333334,1.0837821239606955,17.64,Small,370.44
4550,KLIN SPIRITS LLC,4289,Silver Root Marley Rum,10.78,14.99,750.0,117,1261.26,153.0,2293.4700000000003,1753.83,120.72,1594.5,1032.2100000000003,45.00647490483853,1.3076923076923077,1.8183958898244614,10.78,Medium,-388.08
9552,M S WALKER INC,24556,Mas Alta Black Slate Priorat,11.64,16.99,750.0,108,1257.1200000000001,108.0,1834.92,152.91,12.15,166655.46,577.8,31.489111241907004,1.0,1.4596219931271477,11.64,Medium,0.0
17035,PERNOD RICARD USA,1033,Chivas Regal w/ 2 Glasses,23.07,31.99,750.0,54,1245.78,273.0,9114.27,7794.66,215.49,371340.66,7868.490000000001,86.33154383181538,5.055555555555555,7.31611520493185,23.07,Small,-5052.33
4425,MARTIGNETTI COMPANIES,2939,Berentzen Bushel & Barrel,11.53,14.99,750.0,108,1245.24,192.0,2878.08,1888.74,151.26,434787.72000000003,1632.84,56.73365577051367,1.7777777777777777,2.311265298255758,11.53,Medium,-968.52
4425,MARTIGNETTI COMPANIES,14638,Bongiovanni Dolceo D'Alba,11.48,16.99,750.0,108,1239.84,144.0,2446.56,1478.1299999999999,15.99,434787.72000000003,1206.72,49.32313125367864,1.3333333333333333,1.9732868757259001,11.479999999999999,Medium,-413.28000000000003
9165,ULTRA BEVERAGE COMPANY LLP,19988,Querceto Il Picchio Chianti,34.01,49.99,750.0,36,1224.36,81.0,4049.19,2849.4300000000003,8.97,204164.1,2824.83,69.76284145718033,2.25,3.307189062040577,34.01,Small,-1530.4499999999998
10754,PERFECTA WINES,21446,La Demoiselle Sociando Haut,17.0,24.99,750.0,72,1224.0,51.0,1274.49,824.67,5.67,86161.56,50.49000000000001,3.961584633853542,0.7083333333333334,1.04125,17.0,Small,357.0
9165,ULTRA BEVERAGE COMPANY LLP,19836,Zorah Red,15.06,34.99,750.0,81,1219.8600000000001,57.0,1253.43,659.6999999999999,6.33,204164.1,33.569999999999936,2.6782508795864097,0.7037037037037037,1.027519551423934,15.060000000000002,Medium,361.44
480,BACARDI USA INC,3613,Bacardi Reserva Limitada,67.66,89.99,750.0,18,1217.8799999999999,96.0,8639.039999999999,6749.25,75.66,267858.81,7421.159999999999,85.902600288921,5.333333333333333,7.093506749433442,67.66,Small,-5277.48
2000,SOUTHERN WINE & SPIRITS NE,23495,Ch Cantegril Sauternes 11,12.24,17.99,375.0,99,1211.7599999999998,75.0,1349.25,1025.4299999999998,4.38,57049.77,137.49000000000024,10.190105614230145,0.7575757575757576,1.113463061992474,12.239999999999998,Medium,293.76
4692,KOBRAND CORPORATION,25082,Jadot Bouzeron 13,14.86,21.99,750.0,81,1203.6599999999999,219.0,4815.8099999999995,3496.41,24.240000000000002,27418.14,3612.1499999999996,75.00607374460371,2.7037037037037037,4.000972035292358,14.859999999999998,Medium,-2050.68
9552,M S WALKER INC,18788,Triton Avante Mencia,10.27,14.99,750.0,117,1201.5900000000001,555.0,8319.45,5396.4,61.56,166655.46,7117.860000000001,85.5568577249698,4.743589743589744,6.923701096047736,10.270000000000001,Medium,-4498.26
6785,PALM BAY INTERNATIONAL INC,23925,Cote Mas Blanc Mediterrane,5.8,8.99,1000.0,207,1200.6,537.0,4827.63,2535.18,80.55,40816.23,3627.03,75.13065417192287,2.5942028985507246,4.021014492753624,5.8,Medium,-1914.0
9165,ULTRA BEVERAGE COMPANY LLP,2555,The GlenDronach Cask Strngth,66.66,89.99,750.0,18,1199.8799999999999,153.0,13768.47,11878.679999999998,120.75,204164.1,12568.59,91.28530621049397,8.5,11.474872487248726,66.66,Small,-8999.1
9165,ULTRA BEVERAGE COMPANY LLP,22004,Smashberry Red,3.91,9.99,750.0,306,1196.46,240.0,1432.8,246.78,26.85,204164.1,236.33999999999992,16.494974874371852,0.7843137254901961,1.197532721528509,3.91,Large,258.06
3960,DIAGEO NORTH AMERICA INC,3719,Smirnoff Lime Vodka,7.36,10.99,750.0,162,1192.32,126.0,1248.24,181.32,99.27000000000001,771096.21,55.92000000000007,4.479907710055764,0.7777777777777778,1.046900161030596,7.359999999999999,Medium,264.96000000000004
4425,MARTIGNETTI COMPANIES,16724,Ch Haut Gravet Saint-Emillon,25.97,39.99,750.0,45,1168.6499999999999,585.0,23394.15,12476.880000000001,64.89,434787.72000000003,22225.5,95.00452036085943,13.0,20.018097805159805,25.969999999999995,Small,-14023.8
4425,MARTIGNETTI COMPANIES,21732,Terre du Lion Saint-Julien,25.97,39.99,750.0,45,1168.6499999999999,87.0,3479.13,2039.49,9.66,434787.72000000003,2310.4800000000005,66.40970587474456,1.9333333333333333,2.9770504428186375,25.969999999999995,Small,-1090.74
7749,R.P.IMPORTS INC,19058,Chateau Camensac 10,32.43,47.99,750.0,36,1167.48,45.0,2159.55,1151.76,5.01,274.5,992.0700000000002,45.93873723692437,1.25,1.8497533148319458,32.43,Small,-291.87
2000,SOUTHERN WINE & SPIRITS NE,2849,Tullibardine 20 YO Highland,129.49,179.99,750.0,9,1165.41,48.0,8639.52,8639.52,37.92,57049.77,7474.110000000001,86.5107089282738,5.333333333333333,7.413288027389502,129.49,Small,-5050.110000000001
4425,MARTIGNETTI COMPANIES,16694,Adissat Cotes du Rhone,9.93,14.99,750.0,117,1161.81,249.0,3732.51,3057.96,27.45,434787.72000000003,2570.7000000000003,68.87322472009453,2.128205128205128,3.2126681643297963,9.93,Medium,-1310.76
1128,BROWN-FORMAN CORP,1404,Woodford Rsv Master Coll Pnt,64.28,89.99,750.0,18,1157.04,15.0,1469.85,1469.85,11.850000000000001,205805.04,312.80999999999995,21.281763445249513,0.8333333333333334,1.2703536610661688,64.28,Small,192.84
9552,M S WALKER INC,23400,Pico & Vine Cab Svgn Napa,7.14,18.99,750.0,162,1156.68,468.0,4909.32,1730.8500000000001,52.32,166655.46,3752.6399999999994,76.4390995086896,2.888888888888889,4.244319950202303,7.140000000000001,Medium,-2184.8399999999997
10754,PERFECTA WINES,12476,Ch Donjon Minervois Rose,10.66,15.99,750.0,108,1151.28,240.0,3837.6,2110.68,26.67,86161.56,2686.3199999999997,70.0,2.2222222222222223,3.3333333333333335,10.66,Medium,-1407.1200000000001
6785,PALM BAY INTERNATIONAL INC,24476,Les Pasquets Entre Deux Mers,6.7,9.99,750.0,171,1145.7,237.0,2367.63,1408.59,26.37,40816.23,1221.93,51.60983768578705,1.3859649122807018,2.066535742340927,6.7,Medium,-442.2
9552,M S WALKER INC,23988,Rio Madre 2014 Rose Rioja,6.66,9.99,750.0,171,1138.8600000000001,279.0,2841.21,1456.56,31.080000000000002,166655.46,1702.35,59.916373657702174,1.631578947368421,2.4947842579421526,6.660000000000001,Medium,-719.28
4425,MARTIGNETTI COMPANIES,37569,Staglin Family Vyd Est Chard,31.61,74.99,750.0,36,1137.96,39.0,1910.61,440.91,4.38,434787.72000000003,772.6499999999999,40.43996419991521,1.0833333333333333,1.6789781714647263,31.61,Small,-94.83
4425,MARTIGNETTI COMPANIES,23603,Sidebar Svgn Bl,15.68,23.99,750.0,72,1128.96,243.0,5829.57,4462.139999999999,26.85,434787.72000000003,4700.61,80.6339061028515,3.375,5.163663903061224,15.68,Small,-2681.2799999999997
10754,PERFECTA WINES,24273,von Buhl Jazz Rsl,10.45,15.99,750.0,108,1128.6000000000001,267.0,4077.33,3123.96,29.55,86161.56,2948.7299999999996,72.32012125582182,2.4722222222222223,3.612732589048378,10.450000000000001,Medium,-1661.55
653,STATE WINE & SPIRITS,41417,Nanbu Bijin Southern Beauty,10.38,15.99,300.0,108,1121.04,96.0,1607.04,731.5799999999999,4.17,24044.94,486.0,30.241935483870968,0.8888888888888888,1.4335260115606936,10.379999999999999,Medium,124.56
480,BACARDI USA INC,4379,Bacardi Coconut,0.73,0.99,50.0,1530,1116.8999999999999,17433.0,17258.670000000002,7814.07,897.69,267858.81,16141.770000000002,93.52847003853717,11.394117647058824,15.452296535052382,0.7299999999999999,Large,-11609.19
9165,ULTRA BEVERAGE COMPANY LLP,3628,Montanya Platino Rum,17.59,21.99,750.0,63,1108.17,99.0,2177.0099999999998,1781.1899999999998,78.12,204164.1,1068.8399999999997,49.09669684567364,1.5714285714285714,1.9645090554698283,17.59,Small,-633.24
653,STATE WINE & SPIRITS,20466,Pali Wine Co Pnt Nr Fiddlstx,40.81,59.99,750.0,27,1101.8700000000001,21.0,1259.79,719.88,2.34,24044.94,157.91999999999985,12.535422570428393,0.7777777777777778,1.143319992376596,40.81,Small,244.86
10754,PERFECTA WINES,20520,La Croix de Carbonnieux Blnc,17.33,25.99,750.0,63,1091.79,129.0,3352.71,2417.0699999999997,14.28,86161.56,2260.92,67.43559687536352,2.0476190476190474,3.0708377984777293,17.33,Small,-1143.78
9552,M S WALKER INC,19584,Ciacci 07 Piccolomino Brunlo,40.26,59.99,750.0,27,1087.02,39.0,2339.61,1259.79,4.3500000000000005,166655.46,1252.5900000000001,53.538410247861826,1.4444444444444444,2.1523155047745215,40.26,Small,-483.12
1587,VINEYARD BRANDS INC,16796,Delamotte Brut,24.13,39.99,750.0,45,1085.85,333.0,11651.67,7767.780000000001,36.81,18210.27,10565.82,90.68073503626518,7.4,10.73046000828844,24.13,Small,-6949.44
9552,M S WALKER INC,20744,Banshee Chard,8.55,19.99,750.0,126,1077.3,108.0,2011.9199999999998,1373.25,11.97,166655.46,934.6199999999999,46.45413336514374,0.8571428571428571,1.867557783347257,8.549999999999999,Medium,153.9
6213,MHW LTD,4705,Blue Chair Bay Banana Rum,0.76,0.99,50.0,1404,1067.04,10071.0,9970.29,4250.07,519.15,28864.74,8903.25,89.29780377501557,7.173076923076923,9.343876518218625,0.76,Large,-6586.92
1392,CONSTELLATION BRANDS INC,25915,Hogue Cellars Chard Wash,4.39,9.99,750.0,243,1066.77,537.0,3485.13,1382.3700000000001,59.910000000000004,238586.97,2418.36,69.39081182050599,2.2098765432098766,3.2669928850642598,4.39,Medium,-1290.6599999999999
10754,PERFECTA WINES,18662,Hatzimichalis Kapnias Red,14.76,29.99,750.0,72,1062.72,51.0,1121.49,197.91,5.73,86161.56,58.76999999999998,5.2403498916619835,0.7083333333333334,1.0553014905149052,14.76,Small,309.96
7153,PINE STATE TRADING CO,5691,P & J Cold Soaked Pineapples,7.87,13.99,375.0,135,1062.45,270.0,3753.3,2829.96,105.63,47654.46,2690.8500000000004,71.6929102389897,2.0,3.5326838910066356,7.87,Medium,-1062.45
1392,CONSTELLATION BRANDS INC,15812,Diseno Torrontes Salta,4.54,11.99,750.0,234,1062.36,294.0,2055.06,1006.5600000000001,32.7,238586.97,992.7,48.305158973460635,1.2564102564102564,1.934429007116232,4.539999999999999,Medium,-272.4
4425,MARTIGNETTI COMPANIES,34082,Dom du Dupeuble Bjls,10.73,15.99,750.0,99,1062.27,255.0,4077.45,3070.08,28.17,434787.72000000003,3015.18,73.94768789316852,2.5757575757575757,3.8384309073964245,10.73,Medium,-1673.88
9552,M S WALKER INC,35358,Cataldi Madonna Malandrino,9.05,17.99,750.0,117,1058.85,174.0,2347.26,1295.04,19.32,166655.46,1288.4100000000003,54.88995680069528,1.4871794871794872,2.216801246635501,9.049999999999999,Medium,-515.85
4692,KOBRAND CORPORATION,25077,Jadot Mercurey 13,19.6,29.99,750.0,54,1058.4,192.0,5758.08,4228.59,21.21,27418.14,4699.68,81.61887295765256,3.5555555555555554,5.440362811791383,19.6,Small,-2704.8
9165,ULTRA BEVERAGE COMPANY LLP,2671,Christian Drouin Calvados,16.78,22.99,375.0,63,1057.14,123.0,2827.77,2207.04,48.12,204164.1,1770.6299999999999,62.61577143827114,1.9523809523809523,2.6749247970940457,16.78,Small,-1006.8000000000001
17035,PERNOD RICARD USA,1492,The Glenlivet Oloroso Nadu,58.59,79.99,750.0,18,1054.6200000000001,30.0,2384.7,2384.7,23.700000000000003,371340.66,1330.0799999999997,55.775569253994206,1.6666666666666667,2.2611936052796264,58.59,Small,-703.08
4425,MARTIGNETTI COMPANIES,23468,Il Poggione di Montalcino,116.99,178.99,1500.0,9,1052.9099999999999,12.0,2147.88,2147.88,2.64,434787.72000000003,1094.9700000000003,50.97910497793173,1.3333333333333333,2.039946434168163,116.98999999999998,Small,-350.96999999999997
4692,KOBRAND CORPORATION,22549,Jadot Savigny Les Beaune 12,23.33,34.99,750.0,45,1049.85,42.0,1469.5800000000002,944.73,4.65,27418.14,419.73000000000025,28.561221573510814,0.9333333333333333,1.3997999714244895,23.33,Small,69.99
4692,KOBRAND CORPORATION,25058,Jadot Bourgogne Le Chapitre,19.33,28.99,750.0,54,1043.82,105.0,3043.95,2522.1299999999997,11.58,27418.14,2000.1299999999999,65.70837234514364,1.9444444444444444,2.9161637063861585,19.33,Small,-985.8299999999999
10754,PERFECTA WINES,12655,Merriam Cab Franc Windacre V,23.17,34.99,750.0,45,1042.65,51.0,1784.49,1364.6100000000001,5.67,86161.56,741.8399999999999,41.57154144881731,1.1333333333333333,1.7114947489569845,23.17,Small,-139.02
9552,M S WALKER INC,4948,Ron Virgin Black Spiced Rum,9.62,12.99,750.0,108,1038.96,255.0,3312.45,2026.44,201.06,166655.46,2273.49,68.63469637277544,2.361111111111111,3.1882363132363127,9.620000000000001,Medium,-1414.1399999999999
1392,CONSTELLATION BRANDS INC,19108,Toasted Head BB Oaked Svgn B,7.09,10.99,750.0,144,1020.96,159.0,1927.41,1043.1,17.7,238586.97,906.45,47.02943328093141,1.1041666666666667,1.8878408556652562,7.09,Medium,-106.35
8735,SURVILLE ENTERPRISES CORP,17339,Chicken & Turkey Cotes du Rh,5.4,7.99,750.0,189,1020.6,159.0,1438.41,863.1,17.64,789.96,417.81000000000006,29.04665568231589,0.8412698412698413,1.409376837154615,5.4,Medium,162.0
9815,WINE GROUP INC,4104,Flipflop Spiced Rum,7.08,11.99,750.0,144,1019.52,129.0,1168.71,602.34,101.64,81301.23,149.19000000000005,12.765356675308679,0.8958333333333334,1.14633356873823,7.08,Medium,106.2
2000,SOUTHERN WINE & SPIRITS NE,20960,Geyser Peak Tectonic Red,16.12,24.99,750.0,63,1015.5600000000001,42.0,1049.58,599.76,4.68,57049.77,34.01999999999987,3.2412965186074305,0.6666666666666666,1.0334987593052107,16.12,Small,338.52000000000004
1587,VINEYARD BRANDS INC,20576,Peregrine Pnt Nr,18.61,26.99,750.0,54,1004.9399999999999,54.0,1457.46,404.84999999999997,6.0600000000000005,18210.27,452.5200000000001,31.048536494998153,1.0,1.4502955400322408,18.61,Small,0.0
3960,DIAGEO NORTH AMERICA INC,8495,Capt Morgan White Pineapple,0.71,0.99,50.0,1413,1003.23,1428.0,1413.72,442.53,74.22,771096.21,410.49,29.036159918512862,1.010615711252654,1.4091683861128554,0.71,Large,-10.649999999999999
12546,JIM BEAM BRANDS COMPANY,3131,Pinnacle Key Lime Whipped,9.28,12.99,750.0,108,1002.24,90.0,1169.1,1091.16,71.04,371642.91,166.8599999999999,14.27251732101616,0.8333333333333334,1.1664870689655171,9.28,Medium,167.04
4425,MARTIGNETTI COMPANIES,18424,Poggio Altero Antico Brunllo,37.01,82.99,750.0,27,999.27,54.0,3077.46,1709.7,6.03,434787.72000000003,2078.19,67.52939112124933,2.0,3.079708186976493,37.01,Small,-999.27
10754,PERFECTA WINES,24191,Mirafiore Dolcetto D'Alba,13.79,21.99,750.0,72,992.88,96.0,2039.04,1535.28,10.59,86161.56,1046.1599999999999,51.30649717514124,1.3333333333333333,2.0536620739666427,13.79,Small,-330.96
4692,KOBRAND CORPORATION,25063,Jadot Savigny 13 Clos de Gue,27.58,39.99,750.0,36,992.8799999999999,171.0,6838.29,4078.98,18.93,27418.14,5845.41,85.48058067148366,4.75,6.887327773749094,27.58,Small,-3723.2999999999997
7153,PINE STATE TRADING CO,17182,Mimosa by St Clair Winery,9.14,13.99,750.0,108,987.1200000000001,72.0,1007.28,83.94,8.100000000000001,47654.46,20.159999999999854,2.001429592566104,0.6666666666666666,1.0204230488694381,9.14,Medium,329.04
4425,MARTIGNETTI COMPANIES,17263,Lincourt Courtney's Chard,7.28,10.99,750.0,135,982.8,126.0,1384.74,428.61,14.13,434787.72000000003,401.94000000000005,29.026387625113742,0.9333333333333333,1.408974358974359,7.279999999999999,Medium,65.52
2000,SOUTHERN WINE & SPIRITS NE,19824,Ch Lalande Boire 10 Brdx,27.27,41.99,750.0,36,981.72,144.0,6046.56,4282.9800000000005,15.9,57049.77,5064.84,83.76399142653013,4.0,6.159149248258159,27.27,Small,-2945.16
10754,PERFECTA WINES,21483,Ch Haut Bages Liberal Paulic,36.29,52.99,750.0,27,979.83,42.0,2225.58,1271.76,4.71,86161.56,1245.75,55.97417302455989,1.5555555555555556,2.2713940173295364,36.29,Small,-544.35
10754,PERFECTA WINES,36079,Ch Giscours 10,54.3,112.99,750.0,18,977.4,51.0,4181.49,1967.7599999999998,5.7,86161.56,3204.0899999999997,76.62555691870601,2.8333333333333335,4.27817679558011,54.3,Small,-1791.8999999999999
1128,BROWN-FORMAN CORP,1236,Southern Comfort & Egg Nog,13.56,18.99,1750.0,72,976.3199999999999,261.0,6372.389999999999,3928.3799999999997,479.79,205805.04,5396.07,84.6789038335695,3.625,6.526948131760078,13.559999999999999,Small,-2562.84
3924,HEAVEN HILL DISTILLERIES,5080,Hpnotiq Harmonie,12.02,19.99,750.0,81,973.62,120.0,2398.7999999999997,1979.0099999999998,94.65,42209.61,1425.1799999999998,59.412206103051524,1.4814814814814814,2.4637949097183705,12.02,Medium,-468.78
4425,MARTIGNETTI COMPANIES,23236,Scaggs Vyds Mt Vedeer Montag,26.89,38.99,750.0,36,968.04,96.0,3743.04,3041.2200000000003,10.59,434787.72000000003,2775.0,74.13759938445756,2.6666666666666665,3.866617081938763,26.89,Small,-1613.4
4425,MARTIGNETTI COMPANIES,16998,Ch Rauzan Segla Margaux 09,106.66,159.99,750.0,9,959.9399999999999,6.0,959.94,959.94,0.66,434787.72000000003,1.1368683772161603e-13,1.184311912428027e-14,0.6666666666666666,1.0000000000000002,106.66,Small,319.98
1392,CONSTELLATION BRANDS INC,3219,Svedka Grapefruit Jalapeno,0.74,0.99,50.0,1296,959.04,9219.0,9126.81,3558.06,476.97,238586.97,8167.7699999999995,89.49205691802503,7.113425925925926,9.51661036036036,0.74,Large,-5863.0199999999995
7749,R.P.IMPORTS INC,19059,Chateau Carlmagnus 10,17.76,26.99,750.0,54,959.04,105.0,2833.95,1295.52,11.73,274.5,1874.9099999999999,66.15889482877256,1.9444444444444444,2.9549862362362362,17.759999999999998,Small,-905.7600000000001
9552,M S WALKER INC,33586,Fattoria Del Cerro Vino Nob,8.82,19.99,750.0,108,952.5600000000001,90.0,1214.1,283.29,10.08,166655.46,261.53999999999985,21.541882876204586,0.8333333333333334,1.2745653817082387,8.82,Medium,158.76
90024,VINILANDIA USA,16369,Tiki Sound Svgn Bl,8.78,12.99,750.0,108,948.24,87.0,980.13,440.58,9.69,8407.92,31.889999999999986,3.2536500260169556,0.8055555555555556,1.0336307263983802,8.78,Medium,184.38
12546,JIM BEAM BRANDS COMPANY,2995,Jim Beam Maple,17.51,23.99,1750.0,54,945.54,150.0,3598.5,2231.0699999999997,275.7,371642.91,2652.96,73.72405168820342,2.7777777777777777,3.8057617869154137,17.509999999999998,Small,-1680.96
9552,M S WALKER INC,29676,Hartley & Gisbon Pedro Zimen,13.07,19.99,750.0,72,941.04,78.0,1517.2199999999998,1343.31,8.58,166655.46,576.1799999999998,37.97603511685846,1.0833333333333333,1.6122800306044376,13.07,Small,-78.42
4425,MARTIGNETTI COMPANIES,44972,Mitolo Jester McLaren Shiraz,10.32,18.99,750.0,90,928.8,204.0,3261.96,1966.77,22.650000000000002,434787.72000000003,2333.16,71.5263215980576,2.2666666666666666,3.5120155038759693,10.32,Medium,-1176.48
6785,PALM BAY INTERNATIONAL INC,24013,Heritance Cab Svgn,17.1,25.99,750.0,54,923.4,165.0,4288.349999999999,3040.83,18.240000000000002,40816.23,3364.9499999999994,78.46724264577286,3.0555555555555554,4.644087069525666,17.099999999999998,Small,-1898.1000000000001
9165,ULTRA BEVERAGE COMPANY LLP,6040,Triibe Celtic,8.39,16.99,750.0,108,906.1200000000001,51.0,956.49,296.82,40.14,204164.1,50.36999999999989,5.266129285198998,0.4722222222222222,1.055588663753145,8.39,Medium,478.23
9165,ULTRA BEVERAGE COMPANY LLP,18624,Donnafugata Mille una Notte,50.34,72.99,750.0,18,906.1200000000001,21.0,1532.79,437.93999999999994,2.3400000000000003,204164.1,626.6699999999998,40.88426986084199,1.1666666666666667,1.691597139451728,50.34,Small,-151.02
2000,SOUTHERN WINE & SPIRITS NE,23340,Le Petit Mout Roths 11 Pauil,100.66,149.99,750.0,9,905.9399999999999,42.0,6299.58,1349.91,4.71,57049.77,5393.64,85.61904126941798,4.666666666666667,6.953639313861846,100.66,Small,-3321.7799999999997
9165,ULTRA BEVERAGE COMPANY LLP,2707,Silo Whiskey,33.45,44.49,750.0,27,903.15,24.0,1063.26,796.32,18.93,204164.1,160.11,15.05840528186897,0.8888888888888888,1.1772795216741405,33.449999999999996,Small,100.35000000000001
3960,DIAGEO NORTH AMERICA INC,3917,Smirnoff Peppermint Twist,0.79,0.99,50.0,1134,895.86,3363.0,3329.37,1104.84,174.57,771096.21,2433.5099999999998,73.09220663368745,2.9656084656084656,3.7163954189270645,0.79,Large,-1760.91
9552,M S WALKER INC,21007,Ch Vignot 05 St Emilion Red,49.65,71.99,750.0,18,893.6999999999999,33.0,2474.67,1574.79,3.66,166655.46,1580.9700000000003,63.886093903429554,1.8333333333333333,2.7690164484726423,49.65,Small,-744.75
9165,ULTRA BEVERAGE COMPANY LLP,23517,Luiano Rosato,8.27,12.99,750.0,108,893.16,75.0,908.25,872.28,8.25,204164.1,15.090000000000032,1.6614368290668904,0.6944444444444444,1.01689506919253,8.27,Medium,272.90999999999997
12546,JIM BEAM BRANDS COMPANY,1416,Old Grand Dad,19.83,24.99,1750.0,45,892.35,198.0,5542.0199999999995,3358.7999999999997,363.9,371642.91,4649.669999999999,83.89847023287537,4.4,6.210590015128592,19.830000000000002,Small,-3033.99
90047,CRUSH WINES,18773,Ravines Cabernet Franc,8.21,17.99,750.0,108,886.68,75.0,1229.25,845.4899999999999,8.28,4373.19,342.57000000000005,27.868212324588164,0.6944444444444444,1.386351333062661,8.209999999999999,Medium,270.93
9165,ULTRA BEVERAGE COMPANY LLP,2884,Comandon XO Cognac,98.48,129.99,750.0,9,886.32,60.0,7799.400000000001,4289.67,47.31,204164.1,6913.080000000001,88.63604892684053,6.666666666666667,8.799756295694557,98.48,Small,-5022.4800000000005
3960,DIAGEO NORTH AMERICA INC,2650,Tanqueray Old Tom Gin,19.68,24.99,1000.0,45,885.6,219.0,5472.8099999999995,2548.98,229.95,771096.21,4587.209999999999,83.81818480816983,4.866666666666666,6.179776422764227,19.68,Small,-3424.32
9552,M S WALKER INC,2914,Dad's Hat Rye Whiskey,32.6,48.99,750.0,27,880.1999999999999,33.0,1616.67,1028.79,26.04,166655.46,736.4700000000001,45.554751433502204,1.2222222222222223,1.836707566462168,32.599999999999994,Small,-195.60000000000002
90047,CRUSH WINES,17069,Tangent Albarino,7.51,11.49,750.0,117,878.6700000000001,435.0,4998.15,2964.42,48.33,4373.19,4119.48,82.42009543531105,3.717948717948718,5.688313018539382,7.510000000000001,Medium,-2388.18
3252,E & J GALLO WINERY,23414,Barefoot Cellars Rosa Red,1.62,4.99,750.0,540,874.8000000000001,336.0,1219.74,364.92,37.74,185900.73,344.93999999999994,28.27979733385803,0.6222222222222222,1.394307270233196,1.62,Large,330.48
9165,ULTRA BEVERAGE COMPANY LLP,6159,Lepanto Solera Gran Reserva,31.81,48.99,750.0,27,858.8700000000001,48.0,2351.52,1763.64,5.34,204164.1,1492.6499999999999,63.475964482547454,1.7777777777777777,2.7379230849837572,31.810000000000006,Small,-668.01
9552,M S WALKER INC,24006,Jacopo Blondi Santi 10 Sasso,23.8,34.99,750.0,36,856.8000000000001,45.0,1574.5500000000002,1049.7,5.01,166655.46,717.7500000000001,45.58445270077165,1.25,1.8377100840336136,23.8,Small,-214.20000000000002
9552,M S WALKER INC,39577,Aquinas Napa Chard,9.45,14.49,750.0,90,850.5,138.0,1930.62,629.55,15.48,166655.46,1080.12,55.94679429406098,1.5333333333333334,2.2699823633156964,9.45,Medium,-453.59999999999997
3924,HEAVEN HILL DISTILLERIES,2106,Elijah Craig 18 Yr,93.52,129.99,750.0,9,841.68,12.0,1559.88,1559.88,9.48,42209.61,718.2000000000002,46.04200323101777,1.3333333333333333,1.853293413173653,93.52,Small,-280.56
4425,MARTIGNETTI COMPANIES,19747,Van Ruiten Family Chard,7.79,15.99,750.0,108,841.32,321.0,3624.0899999999997,1828.9799999999998,35.79,434787.72000000003,2782.7699999999995,76.78534473481619,2.9722222222222223,4.307623734132077,7.79,Medium,-1659.27
7749,R.P.IMPORTS INC,20689,Charles Fournier Rsl,10.32,15.99,750.0,81,835.92,57.0,911.43,431.73,6.36,274.5,75.50999999999999,8.284783252690826,0.7037037037037037,1.090331610680448,10.32,Medium,247.68
10754,PERFECTA WINES,14826,My Big Fat Greek Red Wine,7.74,11.99,750.0,108,835.92,72.0,863.28,647.46,7.95,86161.56,27.360000000000014,3.1693077564637213,0.6666666666666666,1.032730404823428,7.739999999999999,Medium,278.64
3924,HEAVEN HILL DISTILLERIES,1972,Admiral Nelson Egg Nog,5.46,6.99,750.0,153,835.38,207.0,1350.93,793.77,163.11,42209.61,515.5500000000001,38.162599098398886,1.3529411764705883,1.6171442936148819,5.46,Medium,-294.84
9552,M S WALKER INC,15365,Alabaster 07 Tinta de Toro,91.83,142.99,750.0,9,826.47,15.0,2024.8500000000001,1619.88,1.65,166655.46,1198.38,59.18364323283206,1.6666666666666667,2.449998185052089,91.83,Small,-550.98
3960,DIAGEO NORTH AMERICA INC,4398,Capt Morgan ParrotBay Pineap,6.51,11.99,750.0,126,820.26,192.0,1753.08,988.9200000000001,151.29,771096.21,932.8199999999999,53.210349784379495,1.5238095238095237,2.1372247823860726,6.51,Medium,-429.65999999999997
10754,PERFECTA WINES,23750,Ch Clerc Milon 12 Pauillac,45.45,69.99,750.0,18,818.1,27.0,1889.7299999999998,1469.79,2.97,86161.56,1071.6299999999997,56.70810115730818,1.5,2.3099009900990097,45.45,Small,-409.05
4425,MARTIGNETTI COMPANIES,18093,Ch La Dom St Emil Gr Cru 09,44.66,66.99,750.0,18,803.8799999999999,15.0,1004.8499999999999,803.8799999999999,1.65,434787.72000000003,200.97000000000003,20.000000000000004,0.8333333333333334,1.25,44.66,Small,133.98
1587,VINEYARD BRANDS INC,21980,Massolino Barolo Parussi,44.59,65.99,750.0,18,802.6200000000001,45.0,2969.5499999999997,1979.6999999999998,5.01,18210.27,2166.9299999999994,72.97166237308682,2.5,3.699820587575689,44.59,Small,-1203.93
1392,CONSTELLATION BRANDS INC,18962,Clos du Bois Chard Calcaire,7.43,17.99,750.0,108,802.4399999999999,141.0,1549.59,692.37,15.75,238586.97,747.15,48.215979710762205,1.3055555555555556,1.9310976521609093,7.43,Medium,-245.19
1128,BROWN-FORMAN CORP,5273,Southern Comfort 100 Proof,6.34,9.99,375.0,126,798.84,105.0,838.95,359.55,41.22,205805.04,40.110000000000014,4.780976220275345,0.8333333333333334,1.050210304942166,6.34,Medium,133.14
1392,CONSTELLATION BRANDS INC,36766,Ravenswood Znfdl Lodi,10.95,18.99,750.0,72,788.4,270.0,4686.299999999999,3636.8999999999996,29.82,238586.97,3897.899999999999,83.17649318225465,3.75,5.944063926940639,10.95,Small,-2168.1
4425,MARTIGNETTI COMPANIES,19398,Philippe Herard Bl de Blanc,5.47,14.99,750.0,144,787.68,114.0,910.86,287.64,12.780000000000001,434787.72000000003,123.18000000000006,13.523483301495299,0.7916666666666666,1.1563833028641073,5.47,Medium,164.1
10754,PERFECTA WINES,17405,Ch Haut-Bailly 09 Pessac Brd,86.36,184.99,750.0,9,777.24,57.0,7580.43,1595.88,6.42,86161.56,6803.1900000000005,89.74675579089842,6.333333333333333,9.75301065308013,86.36,Small,-4145.28
7245,PROXIMO SPIRITS INC.,3058,Three Olives Vodka,0.71,0.99,50.0,1089,773.19,1467.0,1452.33,430.65,76.2,116984.34,679.1399999999999,46.76209952283571,1.3471074380165289,1.878361075544174,0.7100000000000001,Large,-268.38
480,BACARDI USA INC,4331,Bacardi Dragon Berry Trav,7.14,9.99,750.0,108,771.1200000000001,213.0,2127.87,1738.26,167.97,267858.81,1356.7499999999998,63.76094404263417,1.9722222222222223,2.7594537815126046,7.1400000000000015,Medium,-749.6999999999999
7153,PINE STATE TRADING CO,21355,Cantina Gabriele Dolc White,7.04,10.49,750.0,108,760.32,225.0,2426.25,1790.8500000000001,24.900000000000002,47654.46,1665.9299999999998,68.66275115919629,2.0833333333333335,3.1910905934343434,7.04,Medium,-823.68
3960,DIAGEO NORTH AMERICA INC,8801,Smirnoff Wh Peach Sorbet,0.78,0.99,50.0,972,758.16,1050.0,1039.5,365.31,54.27,771096.21,281.34000000000003,27.06493506493507,1.0802469135802468,1.3710826210826212,0.7799999999999999,Large,-60.84
90011,FORTUNE WINE BROKERS LLC,45495,Ermita Rioja White,10.38,15.99,750.0,72,747.36,96.0,1526.04,1094.31,10.620000000000001,715.83,778.68,51.02618542108988,1.3333333333333333,2.041907514450867,10.38,Small,-249.12
516,BANFI PRODUCTS CORP,22789,Bolla Prosecco 3pk/187mls,10.34,14.99,187.0,72,744.48,315.0,4721.85,2923.05,9.15,25531.23,3977.3700000000003,84.23329838940245,4.375,6.342480657640232,10.34,Small,-2512.62
9819,TREASURY WINE ESTATES,19056,Wolf Blass Yellow Lbl Chard,5.88,9.99,750.0,126,740.88,216.0,1941.84,1024.8600000000001,24.060000000000002,44509.71,1200.96,61.846496106785324,1.7142857142857142,2.620991253644315,5.88,Medium,-529.2
3252,E & J GALLO WINERY,23542,Vin Vault Pnt Nr,6.86,18.99,3000.0,108,740.8799999999999,90.0,944.1,377.64,40.5,185900.73,203.22000000000014,21.52526215443281,0.8333333333333334,1.274295432458698,6.8599999999999985,Medium,123.48
9552,M S WALKER INC,24203,Vega Sindoa 14 Garnacha Nava,4.82,6.99,750.0,153,737.46,402.0,5113.9800000000005,3630.15,44.46,166655.46,4376.52,85.57952905564747,2.627450980392157,6.934586282645839,4.82,Medium,-1200.18
9552,M S WALKER INC,4408,Screech Spiced Rum,10.23,12.99,750.0,72,736.56,399.0,5351.01,4520.64,314.82,166655.46,4614.450000000001,86.23512196762854,5.541666666666667,7.264866405995439,10.229999999999999,Small,-3345.21
1392,CONSTELLATION BRANDS INC,3888,Paul Masson Peach Brandy,0.76,0.99,50.0,963,731.88,1422.0,1407.78,674.1899999999999,72.66,238586.97,675.9,48.01176320163662,1.4766355140186915,1.9235120511559272,0.76,Large,-348.84000000000003
480,BACARDI USA INC,2502,Dewars Wh Label & Honey 2 Pk,26.92,34.99,750.0,27,726.84,294.0,10287.060000000001,6613.110000000001,231.81,267858.81,9560.220000000001,92.934424412806,10.88888888888889,14.153128611523858,26.92,Small,-7187.64
9165,ULTRA BEVERAGE COMPANY LLP,7193,Woodstock Killer Bee,8.91,15.99,750.0,81,721.71,306.0,3515.94,2654.19,241.29000000000002,204164.1,2794.23,79.47319920135156,3.7777777777777777,4.871679760568649,8.91,Medium,-2004.75
653,STATE WINE & SPIRITS,20592,Fritz Svgn Bl Dry Creek Vly,9.93,15.99,750.0,72,714.96,54.0,863.46,95.94,6.0600000000000005,24044.94,148.5,17.198248905565976,0.75,1.207703927492447,9.93,Small,178.74
5455,MARSALLE COMPANY,3539,MacGavin's Highland Scotch,13.13,24.99,750.0,54,709.0200000000001,417.0,7501.83,5019.209999999999,328.68,2811.63,6792.8099999999995,90.54870611570777,7.722222222222222,10.58056190234408,13.130000000000003,Small,-4766.1900000000005
4425,MARTIGNETTI COMPANIES,21217,Copain Wentzel Pnt Nr,39.21,59.99,750.0,18,705.78,42.0,2519.58,2159.64,4.62,434787.72000000003,1813.8,71.98818850760841,2.3333333333333335,3.5699226387826237,39.21,Small,-941.04
8004,SAZERAC CO INC,5603,Gran Gala Liqueur,0.79,0.99,50.0,891,703.89,1443.0,1428.57,371.25,75.0,150880.86000000002,724.68,50.72765072765073,1.6195286195286196,2.029535864978903,0.79,Large,-436.08000000000004
6785,PALM BAY INTERNATIONAL INC,14654,Arrogant Frog Chardonnay,6.49,9.99,750.0,108,700.92,72.0,719.28,59.94,8.100000000000001,40816.23,18.360000000000014,2.5525525525525548,0.6666666666666666,1.0261941448382126,6.489999999999999,Medium,233.64000000000001
4425,MARTIGNETTI COMPANIES,34792,Ch Thivin Cote de Brouilly,15.53,22.99,750.0,45,698.85,69.0,1586.31,965.5799999999999,7.65,434787.72000000003,887.4599999999999,55.9449287970195,1.5333333333333334,2.2698862416827645,15.530000000000001,Small,-372.71999999999997
10754,PERFECTA WINES,21473,Ch Malartic-Lagraviere Rouge,38.81,58.99,750.0,18,698.58,12.0,707.88,530.91,1.32,86161.56,9.299999999999955,1.313781996948629,0.6666666666666666,1.013312720089324,38.81,Small,232.86
90026,SILVER MOUNTAIN CIDERS,46327,Silver Mtn Hard Cider,4.54,6.99,650.0,153,694.62,147.0,1027.53,650.07,14.52,1.08,332.90999999999997,32.39905404221774,0.9607843137254902,1.479269240735942,4.54,Medium,27.240000000000002
11567,CAMPARI AMERICA,2308,Wild Turkey Honey VAP,12.68,16.99,750.0,54,684.72,105.0,2032.9499999999998,1583.1899999999998,82.8,62894.43,1348.2299999999998,66.3188961853464,1.9444444444444444,2.9690238345601117,12.68,Small,-646.68
9552,M S WALKER INC,20075,Rampolla Sammarco Toscna IGT,36.91,79.99,750.0,18,664.3799999999999,54.0,2969.46,2309.58,5.97,166655.46,2305.08,77.62623507304357,3.0,4.469520455161204,36.91,Small,-1328.7599999999998
7749,R.P.IMPORTS INC,17322,Cortijo Rosado Rioja,9.2,13.99,750.0,72,662.4,51.0,713.49,251.82,5.73,274.5,51.09000000000003,7.160576882647273,0.7083333333333334,1.0771286231884059,9.2,Small,193.2
9165,ULTRA BEVERAGE COMPANY LLP,17528,Dom Serene Roadblock Syrah,12.24,26.99,750.0,54,660.96,60.0,1079.3999999999999,431.76,6.720000000000001,204164.1,418.4399999999998,38.76598110061144,1.1111111111111112,1.6330791575889612,12.24,Small,-73.44
10754,PERFECTA WINES,23961,Ken Wright Cellars Pnt Nr,36.66,54.99,750.0,18,659.8799999999999,72.0,3959.28,3629.34,7.95,86161.56,3299.4000000000005,83.33333333333334,4.0,6.000000000000002,36.66,Small,-1979.6399999999999
5992,MCCORMICK DISTILLING CO,3301,Triple Crown Blended Whiskey,12.11,15.99,750.0,54,653.9399999999999,243.0,3885.57,1774.89,191.34,4703.55,3231.63,83.17003682857342,4.5,5.941783649876136,12.11,Small,-2288.79
2000,SOUTHERN WINE & SPIRITS NE,12429,F Coppola Diamnd Petite Sira,9.08,15.99,750.0,72,653.76,480.0,7228.2,5150.58,53.13,57049.77,6574.44,90.95542458703412,6.666666666666667,11.056350954478708,9.08,Small,-3704.64
480,BACARDI USA INC,1414,Bacardi 8 Gift Set,14.28,23.99,750.0,45,642.6,105.0,2608.95,959.6099999999999,82.71,267858.81,1966.35,75.36940148335538,2.3333333333333335,4.059990662931839,14.280000000000001,Small,-856.8
90037,THE PIERPONT GROUP LLC,20784,Proemio Chard,5.95,8.99,750.0,108,642.6,114.0,976.86,449.49,12.72,83.94,334.26,34.21779988944168,1.0555555555555556,1.5201680672268907,5.95,Medium,-35.7
9165,ULTRA BEVERAGE COMPANY LLP,18963,Ruca Malen Yauquen Bonarda,5.47,7.99,750.0,117,639.99,87.0,695.13,95.88,9.75,204164.1,55.139999999999986,7.932329204609208,0.7435897435897436,1.0861575962124408,5.47,Medium,164.1
1392,CONSTELLATION BRANDS INC,17911,Blackstone Winemakers Malbec,4.13,10.99,750.0,153,631.89,210.0,1257.9,395.34000000000003,23.46,238586.97,626.0100000000001,49.76627712854758,1.3725490196078431,1.990694582917913,4.13,Medium,-235.41
10754,PERFECTA WINES,25381,Selbach-Oster Riesling,11.64,16.99,750.0,54,628.5600000000001,267.0,4536.33,3364.0199999999995,29.490000000000002,86161.56,3907.77,86.14386519499243,4.944444444444445,7.217019854906452,11.64,Small,-2479.32
7153,PINE STATE TRADING CO,4337,Rumson's Grand Rsv Rum,34.91,43.99,750.0,18,628.3799999999999,111.0,4882.889999999999,923.7900000000001,87.39,47654.46,4254.509999999999,87.13098185705596,6.166666666666667,7.770600591998472,34.91,Small,-3246.6299999999997
6785,PALM BAY INTERNATIONAL INC,22958,Cavit Select Red Blend,4.57,6.99,750.0,135,616.95,216.0,1941.84,1186.68,23.97,40816.23,1324.8899999999999,68.2285873192436,1.6,3.147483588621444,4.57,Medium,-370.17
9552,M S WALKER INC,363,4 Orange Vodka,17.05,21.99,1000.0,36,613.8000000000001,66.0,1451.34,395.82,69.3,166655.46,837.5399999999998,57.70804911323329,1.8333333333333333,2.364516129032258,17.05,Small,-511.5
4425,MARTIGNETTI COMPANIES,17863,Tommasi Poggio Tufo Cab Svgn,6.8,16.99,750.0,90,612.0,81.0,809.19,119.88,9.09,434787.72000000003,197.19000000000005,24.36881325770215,0.9,1.3222058823529412,6.8,Medium,61.199999999999996
90024,VINILANDIA USA,33707,Canaletto Pnt Grigio Venezie,5.22,9.99,750.0,117,610.74,189.0,1684.11,1060.83,20.97,8407.92,1073.37,63.735147941642765,1.6153846153846154,2.7574909126633265,5.22,Medium,-375.84
3960,DIAGEO NORTH AMERICA INC,7851,Piehole Pecan Pie,0.79,0.99,50.0,765,604.35,1095.0,1084.05,341.55,56.88,771096.21,479.69999999999993,44.25072644250726,1.4313725490196079,1.7937453462397617,0.79,Large,-260.7
4425,MARTIGNETTI COMPANIES,21340,Flowers Sonoma Cst Pnt Nr,66.66,105.99,1500.0,9,599.9399999999999,12.0,1199.8799999999999,1199.8799999999999,2.64,434787.72000000003,599.9399999999999,50.0,1.3333333333333333,2.0,66.66,Small,-199.98
9552,M S WALKER INC,24572,Galerie Latro Cab S Knights,33.33,49.99,750.0,18,599.9399999999999,60.0,2999.4,2399.52,6.63,166655.46,2399.46,79.99799959991998,3.3333333333333335,4.999499949995,33.33,Small,-1399.86
90024,VINILANDIA USA,44781,Nicolis Recioto Valpo Clsc,6.66,9.99,500.0,90,599.4,66.0,659.34,89.91,4.95,8407.92,59.940000000000055,9.090909090909099,0.7333333333333333,1.1,6.66,Medium,159.84
10754,PERFECTA WINES,17320,The Messenger Telegram White,12.92,18.99,750.0,45,581.4,33.0,626.67,227.88,3.69,86161.56,45.26999999999998,7.223897745224757,0.7333333333333333,1.0778637770897832,12.92,Small,155.04
4425,MARTIGNETTI COMPANIES,21339,Flowers Sonoma Cst Chard,64.51,105.99,1500.0,9,580.59,18.0,1799.82,1799.82,3.96,434787.72000000003,1219.23,67.74177417741775,2.0,3.09998449852736,64.51,Small,-580.59
10754,PERFECTA WINES,41634,Morgan Winery Garys Vyd Pnt,21.47,49.99,750.0,27,579.6899999999999,21.0,671.79,479.84999999999997,2.34,86161.56,92.10000000000002,13.709641405796457,0.7777777777777778,1.1588780210112302,21.47,Small,128.82
9165,ULTRA BEVERAGE COMPANY LLP,24101,Soli White Blend,5.36,7.99,750.0,108,578.8799999999999,2958.0,23634.420000000002,13183.5,329.1,204164.1,23055.54,97.55069089912085,27.38888888888889,40.827839966832514,5.3599999999999985,Medium,-15276.000000000002
2000,SOUTHERN WINE & SPIRITS NE,19955,Ch La Croix de Beaucailou 10,64.18,94.99,750.0,9,577.6200000000001,93.0,8834.07,3989.58,10.38,57049.77,8256.449999999999,93.46145095069429,10.333333333333334,15.293912953152589,64.18,Small,-5391.120000000001
4425,MARTIGNETTI COMPANIES,17933,Camp Meeting Ridge Pnt Nr,64.13,92.99,750.0,9,577.17,21.0,1952.79,836.91,2.3400000000000003,434787.72000000003,1375.62,70.44382652512559,2.3333333333333335,3.383387909974531,64.13,Small,-769.56
7153,PINE STATE TRADING CO,5688,P & J Cold Soaked Peaches,7.8,13.99,375.0,72,561.6,288.0,3981.12,3561.42,112.53,47654.46,3419.52,85.8934169278997,4.0,7.088888888888889,7.800000000000001,Small,-1684.8
90024,VINILANDIA USA,20722,Ch Musar Hochar Red,20.4,29.99,750.0,27,550.8,33.0,989.67,719.76,3.66,8407.92,438.87,44.345084725211436,1.2222222222222223,1.7967864923747277,20.4,Small,-122.39999999999999
2000,SOUTHERN WINE & SPIRITS NE,23494,Ch Doisy-Daene Sauternes 11,20.13,29.99,375.0,27,543.51,42.0,1259.58,449.84999999999997,2.37,57049.77,716.0699999999999,56.84990234840185,1.5555555555555556,2.317491858475465,20.13,Small,-301.95
9165,ULTRA BEVERAGE COMPANY LLP,935,Tanteo Tropical Tequila,30.07,39.99,750.0,18,541.26,15.0,599.85,359.91,11.790000000000001,204164.1,58.59000000000003,9.767441860465121,0.8333333333333334,1.1082474226804124,30.07,Small,90.21000000000001
7153,PINE STATE TRADING CO,5693,P & J Cold Soaked Berries,7.51,13.99,375.0,72,540.72,213.0,2967.87,2590.14,83.22,47654.46,2427.1499999999996,81.78087315145204,2.9583333333333335,5.488737239236573,7.510000000000001,Small,-1058.91
10754,PERFECTA WINES,23768,Sociando Mallet 12 Haut-Medo,29.93,43.99,750.0,18,538.74,171.0,7522.29,4618.95,18.96,86161.56,6983.55,92.83808521075365,9.5,13.962746408286,29.93,Small,-4579.29
9815,WINE GROUP INC,22413,Harthill Farms Cab Svgn,2.49,3.79,750.0,216,537.84,471.0,1785.09,261.51,52.86,81301.23,1247.25,69.87042670117474,2.1805555555555554,3.318998215082552,2.49,Medium,-634.95
4425,MARTIGNETTI COMPANIES,8282,Berentzen Bushel & Barrel,0.71,0.99,50.0,756,536.76,1134.0,1122.66,439.56,58.53,434787.72000000003,585.9000000000001,52.188552188552194,1.5,2.091549295774648,0.71,Large,-268.38
4950,LATITUDE BEVERAGE COMPANY,18452,Ninety+Cellars Lot 71 Malbec,9.93,14.99,750.0,54,536.22,99.0,1484.01,1124.25,10.950000000000001,4830.0,947.79,63.86682030444538,1.8333333333333333,2.767539442766029,9.93,Small,-446.84999999999997
9165,ULTRA BEVERAGE COMPANY LLP,20682,A Bichot Chablis Vaucopins,19.86,41.99,750.0,27,536.22,168.0,4870.32,2435.16,18.78,204164.1,4334.099999999999,88.99004582861085,6.222222222222222,9.082689940695982,19.86,Small,-2800.2599999999998
10754,PERFECTA WINES,20506,Citran Haut-Medoc,19.86,28.99,750.0,27,536.22,105.0,3043.95,2522.1299999999997,11.61,86161.56,2507.7299999999996,82.38407332577735,3.888888888888889,5.676681212934989,19.86,Small,-1549.08
9552,M S WALKER INC,23040,Aquilon 06 Garnacha de Borja,59.2,119.99,750.0,9,532.8000000000001,21.0,1889.79,1619.82,2.31,166655.46,1356.9899999999998,71.80639118632229,2.3333333333333335,3.5469031531531527,59.20000000000001,Small,-710.4000000000001
9165,ULTRA BEVERAGE COMPANY LLP,16190,Morande Edicion Limitada,9.8,22.99,750.0,54,529.1999999999999,57.0,854.43,539.64,6.36,204164.1,325.23,38.063972472876664,1.0555555555555556,1.6145691609977326,9.799999999999999,Small,-29.400000000000002
9165,ULTRA BEVERAGE COMPANY LLP,18628,Viberti Bricco Airoli,19.59,28.99,750.0,27,528.9300000000001,141.0,4087.5899999999997,3217.89,15.540000000000001,204164.1,3558.66,87.06010142895937,5.222222222222222,7.7280358459531495,19.590000000000003,Small,-2233.2599999999998
10754,PERFECTA WINES,39434,Cambas Nemea RSV Attica Rd,9.73,14.99,750.0,54,525.4200000000001,36.0,539.64,89.94,4.08,86161.56,14.219999999999914,2.6350900600400107,0.6666666666666666,1.0270640630352859,9.730000000000002,Small,175.14000000000001
90011,FORTUNE WINE BROKERS LLC,46418,Ermita Sn Felices Rose Rioja,9.67,15.99,750.0,54,522.1800000000001,111.0,1759.89,1424.1,12.27,715.83,1237.71,70.32882736989244,2.0555555555555554,3.370274617947834,9.670000000000002,Small,-551.1899999999999
6213,MHW LTD,1565,Galliano Tiki Gift Pack,14.39,18.99,375.0,36,518.04,63.0,1196.37,1082.4299999999998,24.630000000000003,28864.74,678.3299999999999,56.69901451891973,1.75,2.309416261292564,14.389999999999999,Small,-388.53000000000003
9552,M S WALKER INC,16200,Gramona Lustros Gr Rsva Cava,28.66,42.99,750.0,18,515.88,63.0,2708.3700000000003,2450.4300000000003,6.93,166655.46,2192.4900000000002,80.95238095238095,3.5,5.250000000000001,28.66,Small,-1289.7
9552,M S WALKER INC,2938,Kennedy's Original Irish,11.42,15.99,750.0,45,513.9,99.0,1583.01,1103.31,78.09,166655.46,1069.1100000000001,67.53652851213828,2.2,3.0803852889667254,11.42,Small,-616.68
17035,PERNOD RICARD USA,5653,Kahlua Cinnamon Spice,14.05,17.99,750.0,36,505.8,354.0,6926.459999999999,6212.82,279.36,371340.66,6420.659999999999,92.6975684548817,9.833333333333334,13.69406880189798,14.05,Small,-4467.900000000001
10754,PERFECTA WINES,21445,Alto Ego De Palmer Margaux,55.48,85.99,750.0,9,499.32,93.0,7997.07,4127.5199999999995,10.35,86161.56,7497.75,93.7562132130893,10.333333333333334,16.01592165344869,55.48,Small,-4660.32
8004,SAZERAC CO INC,5371,Dr McGillicudy's Buttersctch,0.79,0.99,50.0,630,497.7,1209.0,1196.91,377.19,62.67,150880.86000000002,699.21,58.41792615986164,1.9190476190476191,2.404882459312839,0.79,Large,-457.41
1439,CAPSTONE INTERNATIONAL,2213,King Robert II Scotch Whisky,13.66,26.99,1750.0,36,491.76,39.0,740.6099999999999,341.82,71.67,0.81,248.8499999999999,33.600680520111794,1.0833333333333333,1.50603953147877,13.66,Small,-40.980000000000004
4425,MARTIGNETTI COMPANIES,22108,Emmolo Svgn Blanc,9.08,13.99,750.0,54,490.32,201.0,2811.99,797.4300000000001,22.470000000000002,434787.72000000003,2321.6699999999996,82.56323813384826,3.7222222222222223,5.735009789525208,9.08,Small,-1334.76
2000,SOUTHERN WINE & SPIRITS NE,23332,Ch Haut Beausejour 11 Esteph,17.99,26.99,750.0,27,485.73,90.0,2429.1,1457.4599999999998,9.99,57049.77,1943.37,80.00370507595406,3.3333333333333335,5.000926440615157,17.990000000000002,Small,-1133.37
1392,CONSTELLATION BRANDS INC,2115,Black Velvet,4.88,7.99,750.0,99,483.12,1293.0,8436.57,5595.42,1018.5,238586.97,7953.45,94.27350214601432,13.06060606060606,17.462680079483356,4.88,Medium,-5826.72
10754,PERFECTA WINES,24578,Jean Laurent Blanc de Noirs,26.81,40.49,750.0,18,482.58,129.0,5947.71,5398.83,14.19,86161.56,5465.13,91.88628900871092,7.166666666666667,12.324816610717395,26.81,Small,-2975.91
7153,PINE STATE TRADING CO,2858,Royal Thistle Scotch,13.38,16.99,750.0,36,481.68,36.0,611.64,254.84999999999997,28.35,47654.46,129.95999999999998,21.247792819305474,1.0,1.2698056801195814,13.38,Small,0.0
9165,ULTRA BEVERAGE COMPANY LLP,7205,Woodstock Hot Licks,8.91,15.99,750.0,54,481.14,291.0,3343.59,2929.9500000000003,229.68,204164.1,2862.4500000000003,85.6100777906382,5.388888888888889,6.949307893752339,8.91,Small,-2111.67
12546,JIM BEAM BRANDS COMPANY,1878,Jim Beam White BBQ Sauce Pak,10.65,16.49,750.0,45,479.25,405.0,6156.45,4054.83,319.26,371642.91,5677.2,92.21548132446459,9.0,12.84600938967136,10.65,Small,-3834.0
8664,"STOLI GROUP,(USA) LLC",7590,Stoli 80 VAP Lemonade Shaker,13.27,16.99,750.0,36,477.71999999999997,780.0,14089.199999999999,10889.999999999998,615.12,55633.47,13611.48,96.60931777531727,21.666666666666668,29.492589801557397,13.27,Small,-9872.88
8892,TRINCHERO FAMILY ESTATES,20184,Charles & Charles Chard,3.78,10.99,750.0,126,476.28,345.0,1997.55,573.21,38.67,34787.91,1521.27,76.1567920702861,2.738095238095238,4.194066515495087,3.78,Medium,-827.8199999999999
4425,MARTIGNETTI COMPANIES,39104,Olivier Chablis Savary,8.78,25.99,750.0,54,474.11999999999995,81.0,1052.19,467.64,9.03,434787.72000000003,578.0700000000002,54.93969720297665,1.5,2.219248291571754,8.78,Small,-237.05999999999997
2000,SOUTHERN WINE & SPIRITS NE,23328,Ch Clerc Milon Pauillac 11,52.41,75.99,750.0,9,471.68999999999994,69.0,5243.3099999999995,4103.46,7.62,57049.77,4771.62,91.0039650526099,7.666666666666667,11.1160083953444,52.41,Small,-3144.6
4692,KOBRAND CORPORATION,25089,Jadot Saint Aubin 13,26.2,37.99,750.0,18,471.59999999999997,63.0,2393.3700000000003,1709.5500000000002,6.96,27418.14,1921.7700000000004,80.29556650246306,3.5,5.075000000000001,26.2,Small,-1179.0
9552,M S WALKER INC,20549,Fifty Shades Of Grey Wh Silk,7.48,10.99,750.0,63,471.24,123.0,1351.77,890.19,13.620000000000001,166655.46,880.53,65.13903992543109,1.9523809523809523,2.8685383244206775,7.48,Small,-448.8
7245,PROXIMO SPIRITS INC.,3729,Three Olives Whipped Cream,8.59,14.99,750.0,54,463.86,132.0,1450.68,923.16,103.95,116984.34,986.82,68.02465050872695,2.4444444444444446,3.1274091320657096,8.59,Small,-670.02
4425,MARTIGNETTI COMPANIES,24531,Joseph Drouhin Cote de Beaun,17.1,25.99,750.0,27,461.70000000000005,195.0,5068.049999999999,3586.62,21.51,434787.72000000003,4606.349999999999,90.88998727321159,7.222222222222222,10.976933073424298,17.1,Small,-2872.8
9165,ULTRA BEVERAGE COMPANY LLP,5610,West Indies Blue Mtn Coffee,25.57,32.99,750.0,18,460.26,54.0,1781.46,1187.64,42.57,204164.1,1321.2,74.1638880468829,3.0,3.870551427454048,25.57,Small,-920.52
10754,PERFECTA WINES,36069,Ch Lagrange 10,51.0,105.99,750.0,9,459.0,42.0,3191.58,2051.73,4.65,86161.56,2732.58,85.61840843720039,4.666666666666667,6.953333333333333,51.0,Small,-1683.0
9165,ULTRA BEVERAGE COMPANY LLP,12133,Pro.mis.Q.ous White CA,4.24,12.99,750.0,108,457.92,93.0,575.6700000000001,241.41000000000003,10.41,204164.1,117.75000000000006,20.454427015477624,0.8611111111111112,1.2571409853249478,4.24,Medium,63.6
6213,MHW LTD,2027,Mayfair London Dry Gin,16.66,29.99,750.0,27,449.82,54.0,1235.46,971.5799999999999,42.6,28864.74,785.6400000000001,63.59088922344714,2.0,2.7465652927837803,16.66,Small,-449.82
10754,PERFECTA WINES,23753,Ch Grand Puy-Lacoste 12 Paul,49.66,74.99,750.0,9,446.93999999999994,54.0,4049.4599999999996,3824.49,5.94,86161.56,3602.5199999999995,88.96297284082321,6.0,9.060410793395087,49.66,Small,-2234.7
10754,PERFECTA WINES,20178,Robert Sinskey Pnt Bl,16.33,24.99,375.0,27,440.90999999999997,105.0,2623.95,1799.28,6.09,86161.56,2183.04,83.1967072543303,3.888888888888889,5.951214533578281,16.33,Small,-1273.7399999999998
4425,MARTIGNETTI COMPANIES,19391,Ch Hyot Castillon Brdx,23.97,34.99,1500.0,18,431.46,54.0,1889.46,1469.5800000000002,12.0,434787.72000000003,1458.0,77.16490425835954,3.0,4.379224030037547,23.97,Small,-862.92
4425,MARTIGNETTI COMPANIES,31176,Penfld Bin 407 Cab Svgn Ausl,47.94,69.99,750.0,9,431.46,27.0,1889.7299999999998,1679.7599999999998,2.97,434787.72000000003,1458.2699999999998,77.168166880983,3.0,4.3798498122653315,47.94,Small,-862.92
7749,R.P.IMPORTS INC,43013,Anastasi Estates Messinia Rd,7.94,11.99,750.0,54,428.76,81.0,971.19,467.61,9.06,274.5,542.4300000000001,55.852098971365024,1.5,2.2651133501259446,7.9399999999999995,Small,-214.38000000000002
2000,SOUTHERN WINE & SPIRITS NE,19695,Ch Bernadotte 10 Haut Medoc,23.8,34.99,750.0,18,428.40000000000003,36.0,1259.64,1049.7,3.96,57049.77,831.24,65.99028293798229,2.0,2.9403361344537817,23.8,Small,-428.40000000000003
7153,PINE STATE TRADING CO,20941,Valdivieso Brut,6.75,9.99,750.0,63,425.25,51.0,662.49,311.76,5.67,47654.46,237.24,35.81035185436761,0.8095238095238095,1.5578835978835979,6.75,Small,81.0
4425,MARTIGNETTI COMPANIES,21280,Rodney Strong Bros Ridge Cab,47.09,72.99,750.0,9,423.81000000000006,63.0,4598.37,3284.5499999999997,6.99,434787.72000000003,4174.5599999999995,90.78347327422543,7.0,10.850074325759183,47.09,Small,-2542.86
90047,CRUSH WINES,20776,JM Gobillard Tradition Brut,23.33,39.99,750.0,18,419.93999999999994,15.0,599.85,479.88,1.65,4373.19,179.91000000000008,29.992498124531146,0.8333333333333334,1.4284183454779256,23.33,Small,69.99
10754,PERFECTA WINES,24575,Failla Pnt Nr Sonoma Cst,23.17,34.99,750.0,18,417.06000000000006,297.0,10392.03,7032.990000000001,32.88,86161.56,9974.970000000001,95.98673213991877,16.5,24.917350021579626,23.17,Small,-6464.43
3252,E & J GALLO WINERY,31789,Livingston Cab Svgn Cal,4.6,12.99,3000.0,90,413.99999999999994,42.0,473.58,293.76,18.900000000000002,185900.73,59.58000000000004,12.580767768909167,0.4666666666666667,1.143913043478261,4.6,Medium,220.79999999999998
9815,WINE GROUP INC,16869,Cupcake Chianti,4.57,11.99,750.0,90,411.3,252.0,1761.48,838.8000000000001,28.05,81301.23,1350.18,76.65031677907214,2.8,4.282713347921225,4.57,Medium,-740.34
4692,KOBRAND CORPORATION,22534,Jadot Fixin 12,22.72,34.99,750.0,18,408.96,18.0,629.82,524.85,1.98,27418.14,220.86000000000007,35.06716204629895,1.0,1.5400528169014087,22.72,Small,0.0
8664,"STOLI GROUP,(USA) LLC",3147,Stolichnaya Chocolat Kokonut,0.71,0.99,50.0,576,408.96,3765.0,3727.35,1882.98,192.87,55633.47,3318.39,89.02812990462394,6.536458333333333,9.114216549295774,0.71,Large,-2264.19
4425,MARTIGNETTI COMPANIES,17856,Charles Joguet Chinon Rose,9.08,21.99,750.0,45,408.59999999999997,39.0,545.61,167.88,4.38,434787.72000000003,137.01000000000005,25.111343267168866,0.8666666666666667,1.335315712187959,9.08,Small,54.480000000000004
4425,MARTIGNETTI COMPANIES,38526,Seghesio Arneis RRV,7.53,18.99,750.0,54,406.62,54.0,593.46,395.64,6.0,434787.72000000003,186.84000000000003,31.48316651501365,1.0,1.4594953519256308,7.53,Small,0.0
10754,PERFECTA WINES,4010,Armorik Single Malt Whiskey,45.11,59.99,750.0,9,405.99,60.0,3599.4,3419.4300000000003,47.370000000000005,86161.56,3193.41,88.72062010335056,6.666666666666667,8.865735609251459,45.11,Small,-2300.61
2000,SOUTHERN WINE & SPIRITS NE,45059,Falesco Sangiovese Umbria,8.78,12.99,750.0,45,395.09999999999997,264.0,3681.36,2817.9900000000002,29.13,57049.77,3286.26,89.26755329552122,5.866666666666666,9.317539863325742,8.78,Small,-1922.82
4425,MARTIGNETTI COMPANIES,3777,Spring 44 Honey Vodka,21.7,27.99,750.0,18,390.59999999999997,42.0,1175.58,1091.61,33.15,434787.72000000003,784.98,66.77384780278672,2.3333333333333335,3.009677419354839,21.7,Small,-520.8
3252,E & J GALLO WINERY,8038,Livingston Clrs Rhine Calif,4.33,11.99,3000.0,90,389.7,162.0,1051.38,623.04,72.9,185900.73,661.6800000000001,62.93442903612395,1.8,2.6979214780600467,4.33,Medium,-311.76
1128,BROWN-FORMAN CORP,5062,Southern Comfort Lime,8.39,13.99,750.0,45,377.55,288.0,3318.12,2003.76,226.98000000000002,205805.04,2940.5699999999997,88.6215688401866,6.4,8.78855780691299,8.39,Small,-2038.7700000000002
9819,TREASURY WINE ESTATES,28565,Wolf Blass Ylw Lb Shiraz/Cab,8.38,12.99,750.0,45,377.09999999999997,45.0,584.5500000000001,272.79,5.01,44509.71,207.4500000000001,35.488837567359525,1.0,1.5501193317422437,8.379999999999999,Small,0.0
6785,PALM BAY INTERNATIONAL INC,8558,Irishman Cream Liqueur,10.39,17.99,750.0,36,374.04,30.0,389.7,272.79,23.67,40816.23,15.659999999999968,4.018475750577359,0.8333333333333334,1.0418671799807506,10.39,Small,62.34
7245,PROXIMO SPIRITS INC.,926,Hangar One Kaffir Lime Vodk,20.58,27.99,750.0,18,370.43999999999994,18.0,503.82,335.88,14.16,116984.34,133.38000000000005,26.4737406216506,1.0,1.360058309037901,20.58,Small,0.0
9165,ULTRA BEVERAGE COMPANY LLP,24926,Herzog Kosher Znfdl,6.84,13.99,750.0,54,369.36,123.0,1228.77,749.25,13.65,204164.1,859.41,69.94067237969676,2.2777777777777777,3.3267543859649122,6.84,Small,-471.96
9165,ULTRA BEVERAGE COMPANY LLP,20685,A Bichot Ch Gris Nuits St Ge,40.68,83.99,750.0,9,366.12,33.0,1946.67,1946.67,3.63,204164.1,1580.5500000000002,81.19249795805145,3.6666666666666665,5.317027204195346,40.68,Small,-976.3199999999999
4425,MARTIGNETTI COMPANIES,19746,Van Ruiten Family Cab Svgn,6.77,17.99,750.0,54,365.58,99.0,1038.51,503.52,11.040000000000001,434787.72000000003,672.9300000000001,64.79764277667043,1.8333333333333333,2.8407188577055638,6.77,Small,-304.65
12546,JIM BEAM BRANDS COMPANY,4815,Courvoisier Rose,13.5,25.99,750.0,27,364.5,96.0,1775.04,942.9899999999999,75.66,371642.91,1410.54,79.46525148729042,3.5555555555555554,4.869794238683127,13.5,Small,-931.5
10754,PERFECTA WINES,21503,Cambrige Meritage Napa Vly,13.42,20.99,750.0,27,362.34,168.0,3847.3199999999997,3019.68,18.57,86161.56,3484.9799999999996,90.58201553289042,6.222222222222222,10.617983109786389,13.42,Small,-1892.22
4692,KOBRAND CORPORATION,43871,Sette Ponti Crognolo Toscan,13.24,29.99,750.0,27,357.48,21.0,419.78999999999996,179.91,2.37,27418.14,62.309999999999945,14.843135853641096,0.7777777777777778,1.1743034575360858,13.24,Small,79.44
10754,PERFECTA WINES,19769,Kismet Wine Papa's All-Black,13.15,29.99,750.0,27,355.05,378.0,7556.22,2338.83,42.300000000000004,86161.56,7201.17,95.30122203959122,14.0,21.28212927756654,13.15,Small,-4615.650000000001
1392,CONSTELLATION BRANDS INC,17033,Black Box Moscato B/B,9.86,26.99,3000.0,36,354.96,27.0,404.73,314.79,12.15,238586.97,49.77000000000004,12.297086946853467,0.75,1.140212981744422,9.86,Small,88.74
2000,SOUTHERN WINE & SPIRITS NE,44033,Zardetto Pros di Coneg Brut,3.24,4.99,187.0,108,349.92,192.0,1037.58,516.54,5.58,57049.77,687.6599999999999,66.27537153761637,1.7777777777777777,2.965192043895747,3.24,Medium,-272.16
10754,PERFECTA WINES,23145,Ch de Chantegrive Graves Rou,19.2,28.99,750.0,18,345.59999999999997,225.0,6522.75,5131.23,24.84,86161.56,6177.15,94.70162124870645,12.5,18.873697916666668,19.2,Small,-3974.3999999999996
1128,BROWN-FORMAN CORP,2577,Jack Daniels 2 Yr Rested Rye,37.87,49.99,750.0,9,340.83,30.0,1499.7,1049.79,23.64,205805.04,1158.8700000000001,77.2734546909382,3.3333333333333335,4.400140832673181,37.87,Small,-795.27
4425,MARTIGNETTI COMPANIES,24260,Red Car Ritchie Vyd Chard,36.54,52.99,750.0,9,328.86,57.0,3020.4300000000003,2225.58,6.33,434787.72000000003,2691.57,89.11214628380726,6.333333333333333,9.184546615581098,36.54,Small,-1753.92
1128,BROWN-FORMAN CORP,1173,Woodford Rsv Cotton Restrant,36.5,45.99,1000.0,9,328.5,96.0,4415.04,827.82,100.8,205805.04,4086.54,92.55952380952381,10.666666666666666,13.44,36.5,Small,-3175.5
480,BACARDI USA INC,1020,B & B Dom VAP,18.11,28.99,750.0,18,325.98,156.0,3958.4399999999996,2908.8599999999997,123.03,267858.81,3632.4599999999996,91.76493770273137,8.666666666666666,12.143198969261917,18.11,Small,-2499.18
2496,DUGGANS DISTILLED PRODUCTS,2976,Islay Mist 8 Yr Old Scotch,11.59,17.99,750.0,27,312.93,39.0,641.61,305.82,30.689999999999998,2817.81,328.68,51.227381119371586,1.4444444444444444,2.0503307448950245,11.59,Small,-139.07999999999998
3960,DIAGEO NORTH AMERICA INC,4173,Capt Morgan Spiced Rum 100,0.79,0.99,50.0,396,312.84000000000003,288.0,541.62,132.84,14.94,771096.21,228.77999999999997,42.239946826188095,0.7272727272727273,1.7313003452243958,0.79,Large,85.32000000000001
9552,M S WALKER INC,20250,Alma Negra Gran Almanegra,34.48,49.99,750.0,9,310.32,15.0,749.85,599.88,1.65,166655.46,439.53000000000003,58.61572314462893,1.6666666666666667,2.416376643464811,34.48,Small,-206.88
9744,FREDERICK WILDMAN & SONS,22438,Ch Fuisse Pouilly Fuisse 12,34.24,49.99,750.0,9,308.16,84.0,4199.16,1349.73,9.42,11999.79,3891.0,92.66138942074129,9.333333333333334,13.626557632398752,34.24,Small,-2568.0
1703,ALISA CARR BEVERAGES,90086,La Dame Montrose St Estep 11,34.2,51.99,750.0,9,307.8,81.0,4211.1900000000005,3743.28,8.94,516.0,3903.3900000000003,92.69090209655702,9.0,13.681578947368422,34.2,Small,-2462.4
10754,PERFECTA WINES,13860,Calera de Villiers Pnt Nr,34.01,49.99,750.0,9,306.09,54.0,2969.46,1979.64,5.97,86161.56,2663.37,89.69206522398011,6.0,9.701264334019408,34.01,Small,-1530.4499999999998
653,STATE WINE & SPIRITS,21300,Clos LaChance Meritage,6.8,15.99,750.0,45,306.0,120.0,1198.8,839.16,13.290000000000001,24044.94,892.8,74.47447447447448,2.6666666666666665,3.9176470588235293,6.8,Small,-510.0
7749,R.P.IMPORTS INC,19592,Ch Fonroque St Emilion 10,33.76,51.99,750.0,9,303.84,6.0,311.94,311.94,0.66,274.5,8.100000000000023,2.596653202538957,0.6666666666666666,1.0266587677725119,33.76,Small,101.28
9552,M S WALKER INC,3159,Sobieski Vodka,5.59,9.99,750.0,54,301.86,456.0,3452.94,2778.84,359.52000000000004,166655.46,3151.08,91.2578845853099,8.444444444444445,11.438878950506858,5.59,Small,-2247.18
4425,MARTIGNETTI COMPANIES,2750,Henry DuYore's Strgt Bourbon,33.33,42.99,750.0,9,299.96999999999997,129.0,5545.71,5416.740000000001,101.88000000000001,434787.72000000003,5245.74,94.59095408883623,14.333333333333334,18.48754875487549,33.33,Small,-3999.6
3252,E & J GALLO WINERY,14620,Bodega Elena de Mendoza Mlbc,4.76,6.99,750.0,63,299.88,435.0,3040.65,1279.17,48.54,185900.73,2740.77,90.13763504513838,6.904761904761905,10.139555822328932,4.76,Small,-1770.72
90024,VINILANDIA USA,11820,Scagliola Dolcesvago Moscato,3.33,13.99,750.0,90,299.7,63.0,314.37,104.79,7.050000000000001,8407.92,14.670000000000016,4.666475808760382,0.7,1.048948948948949,3.33,Medium,89.91
9552,M S WALKER INC,19417,Latour 11 Merslt-Blgny P Cru,33.11,49.99,750.0,9,297.99,87.0,4349.13,2249.55,9.69,166655.46,4051.1400000000003,93.14828482937968,9.666666666666666,14.594885734420618,33.11,Small,-2582.58
1392,CONSTELLATION BRANDS INC,18000,Vendange Sweet White,2.75,6.99,1500.0,108,297.0,297.0,1185.03,718.2,66.36,238586.97,888.03,74.93734335839599,2.75,3.9899999999999998,2.75,Medium,-519.75
4425,MARTIGNETTI COMPANIES,21519,Copain Monument Tree Pnt Nr,32.89,49.99,750.0,9,296.01,63.0,3149.37,1949.6100000000001,6.99,434787.72000000003,2853.3599999999997,90.6009773383248,7.0,10.639404074186682,32.89,Small,-1776.06
10754,PERFECTA WINES,25156,Champagne Malard Grand Cru B,32.89,49.99,750.0,9,296.01,69.0,3449.31,3149.3700000000003,7.59,86161.56,3153.3,91.41828365673136,7.666666666666667,11.652680652680653,32.89,Small,-1973.4
10754,PERFECTA WINES,15871,Cyan Toro Zamora,10.95,15.99,750.0,27,295.65000000000003,231.0,3693.69,2302.56,25.68,86161.56,3398.04,91.9958090689798,8.555555555555555,12.49345509893455,10.950000000000001,Small,-2233.7999999999997
4425,MARTIGNETTI COMPANIES,23661,Bouvier Morey St Denis Rue d,32.66,48.99,750.0,9,293.93999999999994,111.0,5437.89,2498.4900000000002,12.360000000000001,434787.72000000003,5143.950000000001,94.59459459459461,12.333333333333334,18.500000000000004,32.66,Small,-3331.3199999999997
2000,SOUTHERN WINE & SPIRITS NE,20066,Ch Pagodes de Cos 10 Brdx,32.46,49.99,750.0,9,292.14,3.0,299.96999999999997,299.96999999999997,0.33,57049.77,7.829999999999984,2.6102610261026054,0.3333333333333333,1.0268022181146026,32.46,Small,194.76
10754,PERFECTA WINES,6957,Torna Sorrento Limoncello,10.76,18.99,750.0,27,290.52,57.0,797.4300000000001,587.58,44.910000000000004,86161.56,506.9100000000001,63.567962078176144,2.111111111111111,2.7448368442792237,10.76,Small,-322.8
4692,KOBRAND CORPORATION,11274,Nardi Brunello di Montalcino,32.18,49.99,750.0,9,289.62,39.0,1949.6100000000001,599.88,4.35,27418.14,1659.9900000000002,85.1447212519427,4.333333333333333,6.731613838823286,32.18,Small,-965.4
9552,M S WALKER INC,20189,Steele 09 Bien Nacido Pnt Nr,16.01,38.99,750.0,18,288.18,42.0,1028.58,661.2299999999999,4.65,166655.46,740.3999999999999,71.98273347722102,2.3333333333333335,3.5692275661045176,16.01,Small,-384.24
5612,MILTONS DISTRIBUTING CO,23905,King Rabbit Malbec Pay D'Oc,5.33,7.99,750.0,54,287.82,54.0,431.46,47.94,6.090000000000001,28.38,143.64,33.29161451814768,1.0,1.49906191369606,5.33,Small,0.0
7153,PINE STATE TRADING CO,4723,Kinky Flame Whisky,0.77,0.99,50.0,369,284.13,3990.0,3950.1,1291.95,207.18,47654.46,3665.97,92.80701754385964,10.8130081300813,13.902439024390244,0.77,Large,-2788.17
2000,SOUTHERN WINE & SPIRITS NE,23496,Ch Reserve d La Cometesse 11,31.5,45.99,750.0,9,283.5,45.0,2069.55,1655.64,4.95,57049.77,1786.0500000000002,86.3013698630137,5.0,7.300000000000001,31.5,Small,-1134.0
9552,M S WALKER INC,20257,Zerran Tinto Montsant,10.45,15.99,750.0,27,282.15000000000003,27.0,419.73,179.88,3.0300000000000002,166655.46,137.57999999999998,32.77821456650704,1.0,1.487612971823498,10.450000000000001,Small,0.0
9744,FREDERICK WILDMAN & SONS,11259,Jaboulet Crozes Herm 10 Thal,31.16,47.99,750.0,9,280.44,21.0,1007.7900000000001,863.82,2.31,11999.79,727.3500000000001,72.17277408984015,2.3333333333333335,3.593602909713308,31.16,Small,-373.92
9552,M S WALKER INC,3892,Zhenka Vodka 80 Proof,2.18,3.99,750.0,126,274.68,183.0,721.17,269.31,144.09,166655.46,446.48999999999995,61.911893173592915,1.4523809523809523,2.625491480996068,2.18,Medium,-124.26
7153,PINE STATE TRADING CO,2137,Glen Moray 10 Yr Chard Cask,29.99,40.99,750.0,9,269.90999999999997,234.0,9222.66,8420.37,184.71,47654.46,8952.75,97.07340398540117,26.0,34.16938979659887,29.989999999999995,Small,-6747.75
8735,SURVILLE ENTERPRISES CORP,17342,Salmon & Trout Bordeaux Blnc,2.97,7.99,750.0,90,267.3,60.0,269.4,53.88,6.720000000000001,789.96,2.099999999999966,0.7795100222717023,0.6666666666666666,1.0078563411896744,2.97,Medium,89.10000000000001
4692,KOBRAND CORPORATION,25064,Jadot Beaune Bressandes 13,29.52,43.99,750.0,9,265.68,75.0,3299.25,2639.4,8.25,27418.14,3033.57,91.94726074107751,8.333333333333334,12.418134598012646,29.52,Small,-1948.32
7749,R.P.IMPORTS INC,19586,Ch Godeau St Emilion 10 Cru,28.76,41.99,750.0,9,258.84000000000003,9.0,377.91,251.94,0.99,274.5,119.07,31.507501786139553,1.0,1.4600139082058414,28.760000000000005,Small,0.0
11567,CAMPARI AMERICA,3371,Skyy Infusions Georgia Peach,0.71,0.99,50.0,360,255.6,654.0,647.46,243.54,33.84,62894.43,391.86,60.5226577703642,1.8166666666666667,2.533098591549296,0.71,Large,-208.73999999999998
2000,SOUTHERN WINE & SPIRITS NE,24314,Ch Pez 12 St-Estephe,28.38,43.99,750.0,9,255.42,219.0,9633.81,7390.320000000001,24.15,57049.77,9378.39,97.34871250315295,24.333333333333332,37.7175240779892,28.38,Small,-5959.8
9165,ULTRA BEVERAGE COMPANY LLP,22624,A Bichot Merc Champs M,28.1,42.99,750.0,9,252.9,36.0,1547.64,773.82,4.0200000000000005,204164.1,1294.74,83.65899046289834,4.0,6.119572953736655,28.1,Small,-758.7
10754,PERFECTA WINES,23747,Ch Cantemerie 12 Haut-Medoc,27.88,40.99,750.0,9,250.92,159.0,6517.41,5041.77,17.580000000000002,86161.56,6266.49,96.15000437290273,17.666666666666668,25.97405547584888,27.88,Small,-4182.0
9744,FREDERICK WILDMAN & SONS,24388,Steph Avrn Chn Vielles Vig,13.6,19.99,750.0,18,244.79999999999998,150.0,2998.5,2458.77,16.59,11999.79,2753.7,91.83591795897948,8.333333333333334,12.248774509803923,13.6,Small,-1795.2
17035,PERNOD RICARD USA,8063,Absolut Pears,1.59,1.99,50.0,153,243.26999999999998,1128.0,2244.72,1432.8,57.120000000000005,371340.66,2001.4499999999998,89.16256815994868,7.372549019607843,9.227278332716734,1.5899999999999999,Medium,-1550.25
90024,VINILANDIA USA,45992,Casa Liliana Good Chard,6.75,10.99,750.0,36,243.0,159.0,1747.41,1120.98,17.64,8407.92,1504.41,86.09370439679297,4.416666666666667,7.190987654320988,6.75,Small,-830.25
4692,KOBRAND CORPORATION,25078,Jadot Savigny Bl Clos de Gue,26.14,39.99,750.0,9,235.26,84.0,3359.1600000000003,2519.3700000000003,9.24,27418.14,3123.9000000000005,92.99646340156468,9.333333333333334,14.278500382555473,26.14,Small,-1960.5
7153,PINE STATE TRADING CO,23945,Ch Haut Piquat 09,13.01,18.99,750.0,18,234.18,99.0,1880.0099999999998,1310.31,10.92,47654.46,1645.8299999999997,87.54368327828043,5.5,8.02805534204458,13.01,Small,-1053.81
90024,VINILANDIA USA,45993,Casa Liliana Good Merlot,6.49,10.99,750.0,36,233.64000000000001,39.0,428.61,296.73,4.32,8407.92,194.97,45.48890599846014,1.0833333333333333,1.8344889573703131,6.49,Small,-19.47
4425,MARTIGNETTI COMPANIES,19304,Dalton Canaan Red,6.45,15.99,750.0,36,232.20000000000002,33.0,329.67,179.82,3.69,434787.72000000003,97.47,29.565929565929565,0.9166666666666666,1.419767441860465,6.45,Small,19.35
12546,JIM BEAM BRANDS COMPANY,1035,Pinnacle Vodka Gift Pak,8.59,12.99,750.0,27,231.93,228.0,2571.7200000000003,2203.05,179.79000000000002,371642.91,2339.7900000000004,90.98152209416267,8.444444444444445,11.088345621523736,8.59,Small,-1726.59
4425,MARTIGNETTI COMPANIES,34021,Chanrion Cote de Brouilly,12.66,18.99,750.0,18,227.88,60.0,1139.3999999999999,911.52,6.63,434787.72000000003,911.5199999999999,80.0,3.3333333333333335,4.999999999999999,12.66,Small,-531.72
6359,OLE SMOKY DISTILLERY LLC,2108,Ole Smoky Strawberry Lightin,12.59,15.99,750.0,18,226.62,27.0,431.73,383.76,21.3,5766.0,205.11,47.508859703981656,1.5,1.9050833995234313,12.59,Small,-113.31
7153,PINE STATE TRADING CO,23948,Ch La Croix Lartigue 09,25.15,38.99,750.0,9,226.35,303.0,11813.970000000001,9708.51,33.45,47654.46,11587.62,98.08404795339754,33.666666666666664,52.19337309476475,25.15,Small,-7394.099999999999
480,BACARDI USA INC,5181,Leblon Cedilla Acai Liqueur,23.99,29.99,750.0,9,215.91,9.0,269.90999999999997,269.90999999999997,7.11,267858.81,53.99999999999997,20.006668889629868,1.0,1.2501042100875364,23.99,Small,0.0
4425,MARTIGNETTI COMPANIES,12149,Hobbs Crossbarn Pnt Nr RRV,23.99,35.99,750.0,9,215.91,228.0,8205.720000000001,5290.530000000001,25.29,434787.72000000003,7989.810000000001,97.36878665126278,25.333333333333332,38.005279977768524,23.99,Small,-5253.8099999999995
9165,ULTRA BEVERAGE COMPANY LLP,20376,Duval-Leroy Prestige Rose,11.99,25.99,375.0,18,215.82,66.0,1187.34,539.6999999999999,3.72,204164.1,971.52,81.82323513062813,3.6666666666666665,5.5015290519877675,11.99,Small,-575.52
4425,MARTIGNETTI COMPANIES,20001,Soter Vyds North Vly Pnt Nr,23.97,34.99,750.0,9,215.73,234.0,8187.660000000001,7137.96,25.77,434787.72000000003,7971.930000000001,97.36518126057994,26.0,37.95327492699208,23.97,Small,-5393.25
10754,PERFECTA WINES,23137,Circadia Cab Svgn Napa Vly,23.97,34.99,750.0,9,215.73,3.0,224.96999999999997,224.96999999999997,0.33,86161.56,9.23999999999998,4.107214295239357,0.3333333333333333,1.0428313169239327,23.97,Small,143.82
1392,CONSTELLATION BRANDS INC,18419,Mark West Pnt Nr Santa Lucia,7.94,14.99,750.0,27,214.38000000000002,84.0,1229.1599999999999,572.64,9.39,238586.97,1014.7799999999999,82.55882065801035,3.111111111111111,5.733557234816679,7.940000000000001,Small,-452.58000000000004
4692,KOBRAND CORPORATION,22554,Jadot Pernand Croix Blanc 12,23.64,34.99,750.0,9,212.76,9.0,314.91,209.94,0.99,27418.14,102.15000000000003,32.43783938268077,1.0,1.480118443316413,23.64,Small,0.0
8663,STAR INDUSTRIES INC.,3991,Georgi Watermelon Vodka,7.87,9.99,1000.0,27,212.49,30.0,299.7,179.82,31.5,37.32,87.20999999999998,29.099099099099096,1.1111111111111112,1.4104193138500634,7.87,Small,-23.61
4692,KOBRAND CORPORATION,22543,Jadot Santenay Clos Rous 12,23.48,34.99,750.0,9,211.32,12.0,419.88,314.91,1.32,27418.14,208.56,49.67133466704773,1.3333333333333333,1.986939239068711,23.48,Small,-70.44
9815,WINE GROUP INC,46664,Oak Leaf Pnt Grigio Cal,1.94,2.99,750.0,108,209.52,72.0,215.28000000000003,17.94,8.100000000000001,81301.23,5.760000000000019,2.675585284280945,0.6666666666666666,1.027491408934708,1.9400000000000002,Medium,69.84
4692,KOBRAND CORPORATION,22533,Jadot Marsannay Clos Roy 12,23.02,34.99,750.0,9,207.18,30.0,1049.7,944.73,3.3,27418.14,842.52,80.26293226636182,3.3333333333333335,5.066608746017955,23.02,Small,-483.42
4425,MARTIGNETTI COMPANIES,14217,Chevalier L'Aujardiere Chard,11.18,16.99,750.0,18,201.24,63.0,1070.37,815.52,6.96,434787.72000000003,869.1299999999999,81.1990246363407,3.5,5.318872987477638,11.18,Small,-503.09999999999997
10754,PERFECTA WINES,5335,Beniotome Sesame Shochu,22.21,29.99,750.0,9,199.89000000000001,477.0,14305.23,13045.65,376.53000000000003,86161.56,14105.34,98.60267888038152,53.0,71.56551103106708,22.21,Small,-10394.28
4425,MARTIGNETTI COMPANIES,37940,Staglin Salus Rthfd Chard,22.06,49.99,750.0,9,198.54,27.0,863.7299999999999,575.8199999999999,3.0,434787.72000000003,665.1899999999999,77.01365009898927,3.0,4.35040797824116,22.06,Small,-397.08
9165,ULTRA BEVERAGE COMPANY LLP,12354,Mercer Pnt Gris,3.65,14.99,750.0,54,197.1,51.0,269.78999999999996,47.61,5.760000000000001,204164.1,72.68999999999997,26.9431780273546,0.9444444444444444,1.3687975646879755,3.65,Small,10.95
653,STATE WINE & SPIRITS,20333,Mommy's Time Out Delicious R,7.18,10.99,750.0,27,193.85999999999999,18.0,197.82,131.88,2.0100000000000002,24044.94,3.960000000000008,2.001819836214745,0.6666666666666666,1.020427112349118,7.18,Small,64.62
90011,FORTUNE WINE BROKERS LLC,17358,Ch de Bonhoste Red Brdx 09,10.73,16.99,750.0,18,193.14000000000001,18.0,305.82,305.82,1.98,715.83,112.67999999999998,36.84520306062389,1.0,1.5834109972041004,10.73,Small,0.0
7245,PROXIMO SPIRITS INC.,957,Hangar One Blueberry Vodka,21.37,27.99,750.0,9,192.33,18.0,503.82,503.82,14.22,116984.34,311.49,61.82565201857807,2.0,2.619560131024801,21.37,Small,-192.33
2555,DISARONNO INTERNATIONAL LLC,5831,DiSaronno Amaretto,5.34,6.99,200.0,36,192.24,2052.0,14343.48,6962.04,430.92,17583.09,14151.24,98.659739477449,57.0,74.61235955056179,5.34,Small,-10765.44
7749,R.P.IMPORTS INC,19612,Ch Petit Bocq Cru Borgeos 10,21.19,31.99,750.0,9,190.71,30.0,959.6999999999999,575.8199999999999,3.33,274.5,768.9899999999999,80.12816505157862,3.3333333333333335,5.032247915683498,21.19,Small,-444.99
12546,JIM BEAM BRANDS COMPANY,3170,Pinnacle Orange Whipped,7.03,12.99,750.0,27,189.81,33.0,313.17,170.82,25.98,371642.91,123.36000000000001,39.39074624006131,1.2222222222222223,1.6499130709657026,7.03,Small,-42.18
98450,Serralles Usa LLC,267,Don Q Coco Coconut Rum,10.39,12.99,1000.0,18,187.02,18.0,233.82,77.94,18.900000000000002,2568.06,46.79999999999998,20.015396458814465,1.0,1.2502406159769008,10.39,Small,0.0
4425,MARTIGNETTI COMPANIES,25018,L'Enclos de Viaud Lalande Po,20.68,29.99,750.0,9,186.12,315.0,9446.85,7107.629999999999,34.77,434787.72000000003,9260.73,98.02981946363073,35.0,50.75676982591876,20.68,Small,-6328.08
4425,MARTIGNETTI COMPANIES,25130,Stratus Cab Franc VQA,20.68,29.99,750.0,9,186.12,222.0,6657.78,4948.349999999999,24.57,434787.72000000003,6471.66,97.20447356325982,24.666666666666668,35.77143778207608,20.68,Small,-4404.84
10754,PERFECTA WINES,22075,Kesselstatt Piesporter Gold,20.4,29.99,750.0,9,183.6,93.0,2789.0699999999997,1619.4599999999998,10.35,86161.56,2605.47,93.41716055889599,10.333333333333334,15.191013071895425,20.4,Small,-1713.6
12546,JIM BEAM BRANDS COMPANY,2396,Auchentoshan Classic Scotch,20.15,29.99,750.0,9,181.35,36.0,1079.6399999999999,899.6999999999999,28.41,371642.91,898.2899999999998,83.20273424474824,4.0,5.95334987593052,20.15,Small,-544.05
4425,MARTIGNETTI COMPANIES,27033,Penfolds B28 Shiraz/Kalimna,19.73,29.99,750.0,9,177.57,81.0,2672.19,2177.34,8.91,434787.72000000003,2494.62,93.35488868680744,9.0,15.048656867714142,19.73,Small,-1420.56
7153,PINE STATE TRADING CO,5818,Tomahawk Maple Cream Liqueur,0.78,0.99,50.0,225,175.5,339.0,335.61,187.10999999999999,17.31,47654.46,160.11,47.707160096540626,1.5066666666666666,1.9123076923076925,0.78,Medium,-88.92
3960,DIAGEO NORTH AMERICA INC,5104,Nuvo Lemon Sorbet Liqueur,18.93,24.99,750.0,9,170.37,15.0,374.84999999999997,374.84999999999997,11.850000000000001,771096.21,204.47999999999996,54.549819927971186,1.6666666666666667,2.2002113048071843,18.93,Small,-113.58
1601,VRANKEN AMERICA,24154,Ch La Gordonne Chapelle Rose,18.91,27.99,1500.0,9,170.19,18.0,503.82,503.82,3.96,3146.91,333.63,66.22007859949981,2.0,2.9603384452670545,18.91,Small,-170.19
9165,ULTRA BEVERAGE COMPANY LLP,11341,Herzog Kosher Wh Znfdl,4.69,9.99,750.0,36,168.84,42.0,293.58,104.85000000000001,4.71,204164.1,124.73999999999998,42.48927038626609,1.1666666666666667,1.7388059701492535,4.69,Small,-28.14
7153,PINE STATE TRADING CO,22097,Hacienda Haro Lopez Cri Rsva,9.33,14.99,750.0,18,167.94,36.0,539.64,134.91,4.05,47654.46,371.7,68.87925283522348,2.0,3.2132904608788855,9.33,Small,-167.94
9165,ULTRA BEVERAGE COMPANY LLP,19832,Altadonna Vermentino,6.2,8.99,750.0,27,167.4,177.0,1591.23,755.16,19.77,204164.1,1423.83,89.47983635300993,6.555555555555555,9.505555555555555,6.2,Small,-930.0
4425,MARTIGNETTI COMPANIES,19396,La Petite Maison Ventoux Bl,4.6,11.99,750.0,36,165.6,69.0,482.31,293.58,7.62,434787.72000000003,316.71000000000004,65.66523605150215,1.9166666666666667,2.9125,4.6,Small,-151.79999999999998
10754,PERFECTA WINES,17385,Ch La Fleur Patris-Querre 09,17.8,36.49,750.0,9,160.20000000000002,57.0,1481.4299999999998,935.64,6.33,86161.56,1321.2299999999998,89.18612421781657,6.333333333333333,9.247378277153556,17.8,Small,-854.4000000000001
9552,M S WALKER INC,401,S S Pierce Ninety Nine Bl W,5.9,7.49,1000.0,27,159.29999999999998,27.0,202.23,44.94,28.349999999999998,166655.46,42.93000000000001,21.228304405874503,1.0,1.269491525423729,5.8999999999999995,Small,0.0
9552,M S WALKER INC,18668,G Bertrand T Jeffrsn Cremant,8.78,18.99,750.0,18,158.04,69.0,896.31,467.64,7.680000000000001,166655.46,738.27,82.36770760116478,3.8333333333333335,5.671412300683372,8.78,Small,-447.78
4425,MARTIGNETTI COMPANIES,24994,Couvent des Thorins Moulin,17.44,25.99,750.0,9,156.96,75.0,1949.2499999999998,1949.2499999999998,8.25,434787.72000000003,1792.2899999999997,91.94767218160831,8.333333333333334,12.418769113149844,17.44,Small,-1151.0400000000002
4425,MARTIGNETTI COMPANIES,25184,Riglos Gran Cab Svgn,17.23,24.99,750.0,9,155.07,222.0,5547.78,4273.29,24.51,434787.72000000003,5392.71,97.20482787709679,24.666666666666668,35.775972141613465,17.23,Small,-3669.9900000000002
4425,MARTIGNETTI COMPANIES,25154,Vina Cobos Cocodrilo Corte,17.0,24.99,750.0,9,153.0,225.0,5622.75,4873.049999999999,24.84,434787.72000000003,5469.75,97.27891156462584,25.0,36.75,17.0,Small,-3672.0
8004,SAZERAC CO INC,4424,Barbarossa Spiced Rum,8.39,11.99,1750.0,18,151.02,258.0,2835.42,1252.8600000000001,474.21000000000004,150880.86000000002,2684.4,94.67380493895085,14.333333333333334,18.7751291219706,8.39,Small,-2013.6000000000001
1650,Circa Wines,22225,Gifft Chardonnay,8.05,13.99,750.0,18,144.9,60.0,839.4,461.67,6.66,635.91,694.5,82.73766976411723,3.3333333333333335,5.792960662525879,8.05,Small,-338.1
7245,PROXIMO SPIRITS INC.,3152,Three Olives Jacked Apple,7.91,10.99,750.0,18,142.38,183.0,2011.17,1582.56,144.21,116984.34,1868.79,92.92053879085309,10.166666666666666,14.125368731563423,7.91,Small,-1305.15
3960,DIAGEO NORTH AMERICA INC,5361,Grind Espresso Shot,0.79,0.99,50.0,180,142.20000000000002,888.0,879.12,302.94,45.96,771096.21,736.92,83.82473382473383,4.933333333333334,6.182278481012657,0.7900000000000001,Medium,-559.32
9165,ULTRA BEVERAGE COMPANY LLP,17100,Z-52 Znfdl Lodi Old Vines,5.19,7.99,750.0,27,140.13000000000002,642.0,5129.58,2900.37,71.31,204164.1,4989.45,97.26819739627805,23.77777777777778,36.605865981588515,5.190000000000001,Small,-3191.8500000000004
12546,JIM BEAM BRANDS COMPANY,3250,Pinnacle Cake Vodka,7.41,12.99,750.0,18,133.38,27.0,256.23,113.88,21.27,371642.91,122.85000000000002,47.945205479452056,1.5,1.9210526315789476,7.41,Small,-66.69
17035,PERNOD RICARD USA,3196,Absolut Orient Apple Vodka,14.81,19.99,750.0,9,133.29,18.0,359.82,359.82,14.22,371340.66,226.53,62.95647823911956,2.0,2.699527346387576,14.809999999999999,Small,-133.29
9552,M S WALKER INC,19137,Gordon Est Cab Svgn Columbia,14.76,21.99,750.0,9,132.84,18.0,395.82,395.82,1.98,166655.46,262.98,66.43929058663029,2.0,2.9796747967479673,14.76,Small,-132.84
480,BACARDI USA INC,4319,Bacardi Limon Traveler,7.29,9.99,750.0,18,131.22,123.0,1228.77,929.07,96.93,267858.81,1097.55,89.32102834541858,6.833333333333333,9.364197530864198,7.29,Small,-765.45
516,BANFI PRODUCTS CORP,37921,C Y Toro Carmenere Terrunyo,14.47,31.99,750.0,9,130.23000000000002,24.0,527.76,395.82,2.67,25531.23,397.53,75.32401091405184,2.6666666666666665,4.052522460262612,14.470000000000002,Small,-217.05
4425,MARTIGNETTI COMPANIES,40566,Pascual Toso Cab Svgn Argn,7.23,12.99,750.0,18,130.14000000000001,84.0,881.16,629.4,9.33,434787.72000000003,751.02,85.23083208497889,4.666666666666667,6.7708621484555085,7.23,Small,-477.18
17035,PERNOD RICARD USA,15954,Jacobs Crk Moscato Rose,7.23,14.99,750.0,18,130.14000000000001,18.0,269.82,224.85,1.98,371340.66,139.67999999999998,51.76784523015343,1.0,2.073305670816044,7.23,Small,0.0
10754,PERFECTA WINES,16531,Pazo de Galegos Albarino,14.09,20.99,750.0,9,126.81,33.0,692.67,629.6999999999999,3.63,86161.56,565.8599999999999,81.6925808826714,3.6666666666666665,5.462266382777383,14.09,Small,-338.15999999999997
7749,R.P.IMPORTS INC,20442,Vigna Magana Dignus,13.51,19.99,750.0,9,121.59,54.0,1079.46,839.5799999999999,5.97,274.5,957.87,88.73603468400867,6.0,8.877868245743894,13.51,Small,-607.95
9552,M S WALKER INC,24559,Dom Janasse Terre d'Argile,13.42,19.99,750.0,9,120.78,153.0,3058.47,2638.68,16.86,166655.46,2937.6899999999996,96.05096665980048,17.0,25.322652757078984,13.42,Small,-1932.48
4425,MARTIGNETTI COMPANIES,21159,Nyers Vyds Sage Canyon Red,13.1,27.99,750.0,9,117.89999999999999,21.0,398.78999999999996,284.84999999999997,2.34,434787.72000000003,280.89,70.4355675919657,2.3333333333333335,3.382442748091603,13.1,Small,-157.2
6785,PALM BAY INTERNATIONAL INC,20050,Occhio A Vento Vermentino,2.62,7.99,750.0,45,117.89999999999999,51.0,203.49,35.910000000000004,5.73,40816.23,85.59000000000002,42.06103494029191,1.1333333333333333,1.7259541984732827,2.6199999999999997,Small,-15.72
3252,E & J GALLO WINERY,7316,New Amsterdam Red Berry Vdka,12.02,15.99,1750.0,9,108.17999999999999,12.0,191.88,191.88,22.080000000000002,185900.73,83.7,43.62101313320826,1.3333333333333333,1.7737104825291181,12.02,Small,-36.06
12546,JIM BEAM BRANDS COMPANY,788,Skinnygirl Cucumber Vodka,11.19,14.99,750.0,9,100.71,156.0,2338.44,629.58,122.91,371642.91,2237.73,95.69328270128804,17.333333333333332,23.21954125707477,11.19,Small,-1644.9299999999998
480,BACARDI USA INC,6916,St Germain Liqueur,11.1,14.99,200.0,9,99.89999999999999,75.0,1124.25,944.37,15.75,267858.81,1024.35,91.11407605070045,8.333333333333334,11.253753753753754,11.1,Small,-732.6
12546,JIM BEAM BRANDS COMPANY,3406,Skinnygirl Tangerine Vodka,10.78,14.99,750.0,9,97.02,474.0,7105.26,3102.93,373.5,371642.91,7008.24,98.63453272645899,52.666666666666664,73.23500309214596,10.78,Small,-5012.7
9165,ULTRA BEVERAGE COMPANY LLP,12253,Cecchi Natio Organic Chianti,5.22,14.99,750.0,18,93.96,276.0,2205.2400000000002,1294.38,30.6,204164.1,2111.28,95.7392392664744,15.333333333333334,23.469987228607923,5.22,Small,-1346.76
2000,SOUTHERN WINE & SPIRITS NE,22226,Geyser Peak Pnt Nr,9.99,15.99,750.0,9,89.91,12.0,215.88,215.88,1.32,57049.77,125.97,58.35186214563647,1.3333333333333333,2.401067734401068,9.99,Small,-29.97
7153,PINE STATE TRADING CO,5654,Merry Irish Cream Liqueur,9.52,11.99,750.0,9,85.67999999999999,9.0,107.91,107.91,7.11,47654.46,22.230000000000004,20.600500417014185,1.0,1.259453781512605,9.52,Small,0.0
9165,ULTRA BEVERAGE COMPANY LLP,9191,Mojoshot Blue Lagoon RTD,0.73,0.99,50.0,117,85.41,960.0,950.4,493.02,49.32,204164.1,864.99,91.01325757575758,8.205128205128204,11.12750263435195,0.73,Medium,-615.39
9552,M S WALKER INC,19526,Rhone Roger Sabon 13 CDR Rou,9.39,13.99,750.0,9,84.51,309.0,4322.91,3651.39,34.02,166655.46,4238.4,98.04506686468143,34.333333333333336,51.15264465743699,9.39,Small,-2817.0
9165,ULTRA BEVERAGE COMPANY LLP,11209,Pezzi King Svgn Bl Dry Creek,8.78,12.99,750.0,9,79.02,513.0,6663.87,4715.37,56.76,204164.1,6584.849999999999,98.81420255797306,57.0,84.33143507972666,8.78,Small,-4425.12
660,SAZERAC NORTH AMERICA INC.,8563,Chi Chi's Chocolate Malt RTD,8.72,10.99,1750.0,9,78.48,126.0,1384.74,1186.92,231.66,53796.99,1306.26,94.33251007409334,14.0,17.644495412844037,8.72,Small,-1020.2400000000001
4692,KOBRAND CORPORATION,20420,Vigne A Porrona Rosso,8.66,12.99,750.0,9,77.94,63.0,818.37,584.55,6.99,27418.14,740.4300000000001,90.47619047619048,7.0,10.5,8.66,Small,-467.64
10754,PERFECTA WINES,35290,Vampire Transylvania Merlot,4.27,11.99,750.0,18,76.85999999999999,105.0,681.45,233.64000000000001,11.73,86161.56,604.59,88.7211093990755,5.833333333333333,8.866120218579237,4.27,Small,-371.48999999999995
12546,JIM BEAM BRANDS COMPANY,122,DeKuyper Mixed Berry Medley,7.96,10.99,750.0,9,71.64,69.0,758.3100000000001,692.37,54.45,371642.91,686.6700000000001,90.55267634608538,7.666666666666667,10.58500837520938,7.96,Small,-477.6
6213,MHW LTD,4703,Blue Chair Bay Coconut Rum,0.77,0.99,50.0,90,69.3,8235.0,8152.65,3810.5099999999998,423.81,28864.74,8083.349999999999,99.14996964177291,91.5,117.64285714285714,0.77,Medium,-6271.650000000001
480,BACARDI USA INC,4357,Bacardi Oakheart Spiced Trav,7.46,9.99,750.0,9,67.14,120.0,1198.8,1108.89,94.74000000000001,267858.81,1131.6599999999999,94.39939939939939,13.333333333333334,17.855227882037532,7.46,Small,-828.06
4692,KOBRAND CORPORATION,40583,M Chiarlo Gavi Wh,7.33,10.99,750.0,9,65.97,330.0,3626.7,2406.81,36.6,27418.14,3560.73,98.18099098353876,36.666666666666664,54.974988631196,7.33,Small,-2352.93
3960,DIAGEO NORTH AMERICA INC,6129,The Club Mudslide,1.45,1.99,200.0,45,65.25,126.0,250.74,101.49,26.46,771096.21,185.49,73.9770279971285,2.8,3.842758620689655,1.45,Small,-117.45
8352,LUXCO INC,1007,12 Days of Pearls Gift Set,7.19,9.99,50.0,9,64.71000000000001,93.0,929.07,749.25,4.680000000000001,30784.8,864.36,93.03497045432529,10.333333333333334,14.357440890125172,7.190000000000001,Small,-603.96
1590,DIAGEO CHATEAU ESTATE WINES,16330,Cherry On Top Sweet White,7.14,12.99,750.0,9,64.25999999999999,15.0,194.85,194.85,1.65,21779.25,130.59,67.02078521939954,1.6666666666666667,3.032212885154062,7.139999999999999,Small,-42.839999999999996
12546,JIM BEAM BRANDS COMPANY,5250,DeKuyper Buttershots Trav,7.14,9.99,750.0,9,64.25999999999999,48.0,527.52,527.52,37.92,371642.91,463.26,87.81847133757962,5.333333333333333,8.209150326797387,7.139999999999999,Small,-278.46
3924,HEAVEN HILL DISTILLERIES,5224,Basilica Amaretto,7.08,9.49,750.0,9,63.72,15.0,142.35,142.35,11.850000000000001,42209.61,78.63,55.237091675447836,1.6666666666666667,2.2339924670433144,7.08,Small,-42.480000000000004
7153,PINE STATE TRADING CO,41231,Mad Dogs & Englishmen Jumil,6.53,9.99,750.0,9,58.77,60.0,839.4,755.46,6.6,47654.46,780.63,92.99857040743387,6.666666666666667,14.28279734558448,6.53,Small,-333.03000000000003
9552,M S WALKER INC,8151,St Elder Elderflower Liqueur,0.71,0.99,50.0,72,51.12,1245.0,1232.55,653.4,63.78,166655.46,1181.43,95.85250091274189,17.291666666666668,24.110915492957748,0.71,Small,-832.8299999999999
9165,ULTRA BEVERAGE COMPANY LLP,22619,Promesses de France CdRhone,5.51,7.99,750.0,9,49.589999999999996,27.0,215.73,143.82,3.0,204164.1,166.14,77.01293283270755,3.0,4.3502722323049,5.51,Small,-99.17999999999999
12546,JIM BEAM BRANDS COMPANY,6066,Sauza Sparkling Margarita,5.38,6.99,750.0,9,48.42,72.0,503.28000000000003,440.37,56.79,371642.91,454.86,90.37911301859799,8.0,10.394052044609666,5.38,Small,-338.94
9165,ULTRA BEVERAGE COMPANY LLP,21691,Tracia Syrah,5.17,7.49,750.0,9,46.53,18.0,134.82,112.35000000000001,1.98,204164.1,88.28999999999999,65.48731642189586,2.0,2.8974854932301737,5.17,Small,-46.53
12546,JIM BEAM BRANDS COMPANY,6064,Sauza Sprklg Wild Berry Marg,4.99,6.99,750.0,9,44.910000000000004,12.0,83.88,83.88,9.48,371642.91,38.96999999999999,46.459227467811154,1.3333333333333333,1.8677354709418834,4.99,Small,-14.97
3960,DIAGEO NORTH AMERICA INC,7902,Piehole Apple Pie,0.72,0.99,50.0,54,38.88,474.0,469.26,166.32,24.54,771096.21,430.38,91.71461449942463,8.777777777777779,12.069444444444443,0.7200000000000001,Small,-302.4
516,BANFI PRODUCTS CORP,17172,Riunite Sweet White,4.1,5.99,750.0,9,36.9,81.0,485.19,395.34000000000003,8.94,25531.23,448.29,92.3947319606752,9.0,13.148780487804878,4.1,Small,-295.2
90024,VINILANDIA USA,46135,Aresti Pnt Nr Curico Vly,3.28,10.99,750.0,9,29.52,57.0,284.43,179.64000000000001,6.36,8407.92,254.91,89.62134795907605,6.333333333333333,9.635162601626016,3.28,Small,-157.44
3960,DIAGEO NORTH AMERICA INC,2626,Crown Royal Apple,1.42,1.99,50.0,18,25.56,42.0,83.58,17.91,2.19,771096.21,58.019999999999996,69.41852117731514,2.3333333333333335,3.2699530516431925,1.42,Small,-34.08
9815,WINE GROUP INC,8527,Concannon Glen Ellen Wh Zin,1.32,4.99,750.0,18,23.76,15.0,47.85,32.88,1.65,81301.23,24.09,50.3448275862069,0.8333333333333334,2.013888888888889,1.32,Small,3.96
8004,SAZERAC CO INC,5683,Dr McGillicuddy's Apple Pie,0.39,0.49,50.0,54,21.06,402.0,196.98,4.41,21.12,150880.86000000002,175.92,89.30855924459335,7.444444444444445,9.353276353276353,0.38999999999999996,Small,-135.72
3960,DIAGEO NORTH AMERICA INC,6127,The Club Strawbry Margarita,1.47,1.99,200.0,9,13.23,216.0,429.84,232.83,45.36,771096.21,416.60999999999996,96.92211055276381,24.0,32.48979591836734,1.47,Small,-304.29
7245,PROXIMO SPIRITS INC.,3065,Three Olives Grape Vodka,0.71,0.99,50.0,9,6.39,258.0,255.42,100.98,13.38,116984.34,249.03,97.49823819591262,28.666666666666668,39.971830985915496,0.71,Small,-176.79
